"tipo_via","nombre_via_ivima","nombre_via_cat"
"AV","ABRANTES","ABRANTES"
"AV","ALBERTO ALCOCER","ALBERTO ALCOCER"
"AV","ALBUFERA","ALBUFERA"
"AV","AMERICA","AMERICA"
"AV","ANDALUCIA","ANDALUCIA"
"AV","APOSTOLES","APOSTOLES"
"AV","AURORA BOREAL","AURORA BOREAL"
"AV","AVIACION","AVIACION"
"AV","BADAJOZ","BADAJOZ"
"AV","BETANZOS","BETANZOS"
"AV","BONN","BONN"
"AV","BUENOS AIRES","BUENOS AIRES"
"AV","BURGOS","BURGOS"
"AV","CAMINO DE SANTIAGO","CAMINO DE SANTIAGO"
"AV","CAMPO DE CALATRAVA","CAMPO DE CALATRAVA"
"AV","CANILLEJAS A VICALVARO","CANILLEJAS A VICALVARO"
"AV","CANTABRIA","CANTABRIA"
"AV","CARABANCHEL ALTO","CARABANCHEL ALTO"
"AV","CARDENAL HERRERA ORIA","CARDENAL HERRERA ORIA"
"AV","CERRO DE LOS ANGELES","CERRO DE LOS ANGELES"
"AV","CERRO MILANO","CERRO MILANO"
"AV","CIUDAD DE BARCELONA","CIUDAD DE BARCELONA"
"AV","CORDOBA","CORDOBA"
"AV","DAROCA","DAROCA"
"AV","DOCTOR GARCIA TAPIA","DOCTOR GARCIA TAPIA"
"AV","DONOSTIARRA","DONOSTIARRA"
"AV","EL FERROL","EL FERROL"
"AV","EMPERATRIZ ISABEL","EMPERATRIZ ISABEL"
"AV","ENSANCHE DE VALLECAS","ENSANCHE DE VALLECAS"
"AV","ENTREVIAS","ENTREVIAS"
"AV","ESPINELA","ESPINELA"
"AV","FELICIDAD","FELICIDAD"
"AV","FRANCISCO PI Y MARGALL","FRANCISCO PI Y MARGALL"
"AV","GENERAL FANJUL","GENERAL FANJUL"
"AV","GENERAL PERON","GENERAL PERON"
"AV","GRAN VIA DEL SURESTE","GRAN VIA DEL SURESTE"
"AV","GUADALAJARA","GUADALAJARA"
"AV","JUAN ANDRES","JUAN ANDRES"
"AV","LA GAVIA","LA GAVIA"
"AV","LAS SUERTES","LAS SUERTES"
"AV","LOS ROSALES","LOS ROSALES"
"AV","MANZANARES","MANZANARES"
"AV","MARQUES DE CORBERA","MARQUES DE CORBERA"
"AV","MEDITERRANEO","MEDITERRANEO"
"AV","MENENDEZ PELAYO","MENENDEZ PELAYO"
"AV","MIGUEL HERNANDEZ","MIGUEL HERNANDEZ"
"AV","MONASTERIO DE EL ESCORIAL","MONASTERIO DE EL ESCORIAL"
"AV","MONASTERIO DE SILOS","MONASTERIO DE SILOS"
"AV","MONFORTE DE LEMOS","MONFORTE DE LEMOS"
"AV","MONTE IGUELDO","MONTE IGUELDO"
"AV","MORATALAZ","MORATALAZ"
"AV","NAZARET","NAZARET"
"AV","NIZA","NIZA"
"AV","NUESTRA SEÑORA DE FATIMA","NUESTRA SEÑORA DE FATIMA"
"AV","OPORTO","OPORTO"
"AV","OROVILLA","OROVILLA"
"AV","PABLO IGLESIAS","PABLO IGLESIAS"
"AV","PABLO NERUDA","PABLO NERUDA"
"AV","PADRE PIQUER","PADRE PIQUER"
"AV","PALOMERAS","PALOMERAS"
"AV","PARQUE PALOMERAS BAJAS","PARQUE PALOMERAS BAJAS"
"AV","PEDRO DIEZ","PEDRO DIEZ"
"AV","PESETA","PESETA"
"AV","PEÑA PRIETA","PEÑA PRIETA"
"AV","PIO XII","PIO XII"
"AV","PORTUGAL","PORTUGAL"
"AV","RAFAEL ALBERTI","RAFAEL ALBERTI"
"AV","RAMON Y CAJAL","RAMON Y CAJAL"
"AV","REAL DE PINTO","REAL DE PINTO"
"AV","REINA VICTORIA","REINA VICTORIA"
"AV","SAN DIEGO","SAN DIEGO"
"AV","SAN FERMIN","SAN FERMIN"
"AV","SAN LUIS","SAN LUIS"
"AV","SECUNDINO ZUAZO","SECUNDINO ZUAZO"
"AV","SEPTIMA","SEPTIMA"
"AV","VALLADOLID","VALLADOLID"
"AV","VEINTICINCO DE SEPTIEMBRE","VEINTICINCO DE SEPTIEMBRE"
"AV","VERBENA DE LA PALOMA","VERBENA DE LA PALOMA"
"AV","VIRGEN DEL CARMEN","VIRGEN DEL CARMEN"
"CJ","MELLIZO","MELLIZO"
"CJ","SAN RAFAEL","SAN RAFAEL"
"CL","ABAD JUAN CATALAN","ABAD JUAN CATALAN"
"CL","ABADA","ABADA"
"CL","ABADES","ABADES"
"CL","ABEJUELA","ABEJUELA"
"CL","ABEL","ABEL"
"CL","ABELLA","ABELLA"
"CL","ABOLENGO","ABOLENGO"
"CL","ABTAO","ABTAO"
"CL","ACANTITA","ACANTITA"
"CL","ACENTEJO","ACENTEJO"
"CL","ACEUCHAL","ACEUCHAL"
"CL","ACUERDO","ACUERDO"
"CL","ADANERO","ADANERO"
"CL","ADEMUZ","ADEMUZ"
"CL","ADOLFO BIOY CASARES","ADOLFO BIOY CASARES"
"CL","ADORA","ADORA"
"CL","ADRADA DE HAZA","ADRADA DE HAZA"
"CL","AFECTO","AFECTO"
"CL","AFUERAS A VALVERDE","AFUERAS A VALVERDE"
"CL","AGAVE","AGAVE"
"CL","AGUILAFUENTE","AGUILAFUENTE"
"CL","AGUILAR DE CAMPOO","AGUILAR DE CAMPOO"
"CL","AGUILON","AGUILON"
"CL","AGUJA","AGUJA"
"CL","AGUSTIN CALVO","AGUSTIN CALVO"
"CL","AGUSTIN DE FOXA","AGUSTIN DE FOXA"
"CL","AGUSTIN DE ROJAS","AGUSTIN DE ROJAS"
"CL","AGUSTIN DURAN","AGUSTIN DURAN"
"CL","AGUSTIN LARA","AGUSTIN LARA"
"CL","AILANTO","AILANTO"
"CL","AJOFRIN","AJOFRIN"
"CL","ALAMEDA DEL VALLE","ALAMEDA DEL VALLE"
"CL","ALAMILLO","ALAMILLO"
"CL","ALAR DEL REY","ALAR DEL REY"
"CL","ALARO","ALARO"
"CL","ALAVA","ALAVA"
"CL","ALBA DE TORMES","ALBA DE TORMES"
"CL","ALBADALEJO","ALBADALEJO"
"CL","ALBARES DE LA RIBERA","ALBARES DE LA RIBERA"
"CL","ALBARRACIN","ALBARRACIN"
"CL","ALBATROS","ALBATROS"
"CL","ALBAÑILERIA","ALBAÑILERIA"
"CL","ALBENDIEGO","ALBENDIEGO"
"CL","ALBERDI","ALBERDI"
"CL","ALBERTO PALACIOS","ALBERTO PALACIOS"
"CL","ALBINO HERNANDEZ LAZARO","ALBINO HERNANDEZ LAZARO"
"CL","ALCALA","ALCALA"
"CL","ALCALA DE GUADAIRA","ALCALA DE GUADAIRA"
"CL","ALCALDE HENCHE DE PLATA","ALCALDE HENCHE DE PLATA"
"CL","ALCALDE LOPEZ CASERO","ALCALDE LOPEZ CASERO"
"CL","ALCALDE SAINZ DE BARANDA","ALCALDE SAINZ DE BARANDA"
"CL","ALCANTARA","ALCANTARA"
"CL","ALCATRAZ","ALCATRAZ"
"CL","ALCAUDON","ALCAUDON"
"CL","ALCAZAR DE SAN JUAN","ALCAZAR DE SAN JUAN"
"CL","ALCAÑIZ","ALCAÑIZ"
"CL","ALCOCER","ALCOCER"
"CL","ALCONERA","ALCONERA"
"CL","ALCORISA","ALCORISA"
"CL","ALDAPA","ALDAPA"
"CL","ALDEA DEL FRESNO","ALDEA DEL FRESNO"
"CL","ALEGRIA","ALEGRIA"
"CL","ALEGRIA DE LA HUERTA","ALEGRIA DE LA HUERTA"
"CL","ALEGRIA DE ORIA","ALEGRIA DE ORIA"
"CL","ALEJANDRINA MORAN","ALEJANDRINA MORAN"
"CL","ALEJANDRO CASONA","ALEJANDRO CASONA"
"CL","ALEJANDRO MORAN","ALEJANDRO MORAN"
"CL","ALEJANDRO RODRIGUEZ","ALEJANDRO RODRIGUEZ"
"CL","ALEJANDRO SAINT AUBIN","ALEJANDRO SAINT AUBIN"
"CL","ALEJANDRO SANCHEZ","ALEJANDRO SANCHEZ"
"CL","ALEJANDRO VILLEGAS","ALEJANDRO VILLEGAS"
"CL","ALERCE","ALERCE"
"CL","ALFALFA","ALFALFA"
"CL","ALFAREROS","ALFAREROS"
"CL","ALFARO","ALFARO"
"CL","ALFEREZ JUAN USERA","ALFEREZ JUAN USERA"
"CL","ALFONSO GOMEZ","ALFONSO GOMEZ"
"CL","ALFONSO XIII","ALFONSO XIII"
"CL","ALFREDO ALEIX","ALFREDO ALEIX"
"CL","ALFREDO CASTRO CAMBA","ALFREDO CASTRO CAMBA"
"CL","ALGABA","ALGABA"
"CL","ALGETE","ALGETE"
"CL","ALGODONALES","ALGODONALES"
"CL","ALGORTA","ALGORTA"
"CL","ALICUN","ALICUN"
"CL","ALIGUSTRE","ALIGUSTRE"
"CL","ALISEDA","ALISEDA"
"CL","ALLARIZ","ALLARIZ"
"CL","ALMADEN","ALMADEN"
"CL","ALMANSA","ALMANSA"
"CL","ALMAZAN","ALMAZAN"
"CL","ALMEDINA","ALMEDINA"
"CL","ALMENDRALEJO","ALMENDRALEJO"
"CL","ALMOGIA","ALMOGIA"
"CL","ALMONACID","ALMONACID"
"CL","ALMONTE","ALMONTE"
"CL","ALMOROX","ALMOROX"
"CL","ALMORTAS","ALMORTAS"
"CL","ALONDRA","ALONDRA"
"CL","ALONSO CARBONELL","ALONSO CARBONELL"
"CL","ALONSO CASTRILLO","ALONSO CASTRILLO"
"CL","ALONSO DEL BARCO","ALONSO DEL BARCO"
"CL","ALONSO NUÑEZ","ALONSO NUÑEZ"
"CL","ALORA","ALORA"
"CL","ALPUJARRAS","ALPUJARRAS"
"CL","ALTAMIRANO","ALTAMIRANO"
"CL","ALTO DE LA SARTENILLA","ALTO DE LA SARTENILLA"
"CL","ALTO DEL LEON","ALTO DEL LEON"
"CL","ALUSTANTE","ALUSTANTE"
"CL","ALVARADO","ALVARADO"
"CL","ALVAREZ ABELLAN","ALVAREZ ABELLAN"
"CL","ALVERJA","ALVERJA"
"CL","ALZINA","ALZINA"
"CL","AMADOR VALDES","AMADOR VALDES"
"CL","AMALIA","AMALIA"
"CL","AMALTEA","AMALTEA"
"CL","AMANECER","AMANECER"
"CL","AMANIEL","AMANIEL"
"CL","AMBROSIO VALLEJO","AMBROSIO VALLEJO"
"CL","AMERICIO","AMERICIO"
"CL","AMERICO CASTRO","AMERICO CASTRO"
"CL","AMISTAD","AMISTAD"
"CL","AMNISTIA","AMNISTIA"
"CL","AMOR DE DIOS","AMOR DE DIOS"
"CL","AMOR HERMOSO","AMOR HERMOSO"
"CL","AMOROS","AMOROS"
"CL","AMOS DE ESCALANTE","AMOS DE ESCALANTE"
"CL","AMPARO","AMPARO"
"CL","AMPOSTA","AMPOSTA"
"CL","ANA ALBI","ANA ALBI"
"CL","ANA DE AUSTRIA","ANA DE AUSTRIA"
"CL","ANA MARIA","ANA MARIA"
"CL","ANASTASIA LOPEZ","ANASTASIA LOPEZ"
"CL","ANASTASIO AROCA","ANASTASIO AROCA"
"CL","ANASTASIO HERRERO","ANASTASIO HERRERO"
"CL","ANCORA","ANCORA"
"CL","ANDORRA","ANDORRA"
"CL","ANDRES ANTON","ANDRES ANTON"
"CL","ANDRES ARTEAGA","ANDRES ARTEAGA"
"CL","ANDRES BORREGO","ANDRES BORREGO"
"CL","ANDRES DE URDANETA","ANDRES DE URDANETA"
"CL","ANDRES HERRANZ","ANDRES HERRANZ"
"CL","ANDRES MELLADO","ANDRES MELLADO"
"CL","ANDRES TORREJON","ANDRES TORREJON"
"CL","ANGEL GONZALEZ TEJEDOR","ANGEL GONZALEZ TEJEDOR"
"CL","ANGEL LARRA","ANGEL LARRA"
"CL","ANGEL LUIS DE LA HERRAN","ANGEL LUIS DE LA HERRAN"
"CL","ANGEL MUGICA","ANGEL MUGICA"
"CL","ANGEL PUECH","ANGEL PUECH"
"CL","ANGEL RIPOLL","ANGEL RIPOLL"
"CL","ANGELA GONZALEZ","ANGELA GONZALEZ"
"CL","ANGELILLO","ANGELILLO"
"CL","ANGOSTA","ANGOSTA"
"CL","ANGUITA","ANGUITA"
"CL","ANICETO MARINAS","ANICETO MARINAS"
"CL","ANILLO VERDE","ANILLO VERDE"
"CL","ANITA VINDEL","ANITA VINDEL"
"CL","ANOETA","ANOETA"
"CL","ANSAR","ANSAR"
"CL","ANTEQUERA","ANTEQUERA"
"CL","ANTILLON","ANTILLON"
"CL","ANTOLINA MERINO","ANTOLINA MERINO"
"CL","ANTONIA LANCHA","ANTONIA LANCHA"
"CL","ANTONIA RUIZ SORO","ANTONIA RUIZ SORO"
"CL","ANTONIO","ANTONIO"
"CL","ANTONIO ACUÑA","ANTONIO ACUÑA"
"CL","ANTONIO ANTORANZ","ANTONIO ANTORANZ"
"CL","ANTONIO ARIAS","ANTONIO ARIAS"
"CL","ANTONIO FLORES","ANTONIO FLORES"
"CL","ANTONIO LOPEZ","ANTONIO LOPEZ"
"CL","ANTONIO MAIRENA","ANTONIO MAIRENA"
"CL","ANTONIO MORENO","ANTONIO MORENO"
"CL","ANTONIO PEREZ","ANTONIO PEREZ"
"CL","ANTONIO PONZ","ANTONIO PONZ"
"CL","ANTONIO PRIETO","ANTONIO PRIETO"
"CL","ANTONIO ROMERO","ANTONIO ROMERO"
"CL","ANTONIO SALCES","ANTONIO SALCES"
"CL","ANTONIO SALVADOR","ANTONIO SALVADOR"
"CL","ANTONIO TOLEDANO","ANTONIO TOLEDANO"
"CL","ANTONIO ULLOA","ANTONIO ULLOA"
"CL","ANTONIO VELASCO ZAZO","ANTONIO VELASCO ZAZO"
"CL","ANTONIO VICENT","ANTONIO VICENT"
"CL","ANTONIO ZAMORA","ANTONIO ZAMORA"
"CL","ANTRACITA","ANTRACITA"
"CL","APAREJADORES","APAREJADORES"
"CL","APOLO","APOLO"
"CL","APOSTOL SANTIAGO","APOSTOL SANTIAGO"
"CL","AQUILES","AQUILES"
"CL","AQUITANIA","AQUITANIA"
"CL","ARACNE","ARACNE"
"CL","ARAMIS","ARAMIS"
"CL","ARAUCA","ARAUCA"
"CL","ARCAUTE","ARCAUTE"
"CL","ARCINIEGA","ARCINIEGA"
"CL","ARCOS","ARCOS"
"CL","ARCOS DE JALON","ARCOS DE JALON"
"CL","ARCOS DE LA FRONTERA","ARCOS DE LA FRONTERA"
"CL","ARDEMANS","ARDEMANS"
"CL","ARECHAVALETA","ARECHAVALETA"
"CL","AREVALO","AREVALO"
"CL","ARGANDA","ARGANDA"
"CL","ARGENTE","ARGENTE"
"CL","ARGUMOSA","ARGUMOSA"
"CL","ARISTOTELES","ARISTOTELES"
"CL","ARIZA","ARIZA"
"CL","ARMENTEROS","ARMENTEROS"
"CL","ARMONIA","ARMONIA"
"CL","ARQUITECTURA","ARQUITECTURA"
"CL","ARREGUI Y ARUEJ","ARREGUI Y ARUEJ"
"CL","ARRIAGA","ARRIAGA"
"CL","ARROYO","ARROYO"
"CL","ARROYO BELINCOSO","ARROYO BELINCOSO"
"CL","ARROYO BUENO","ARROYO BUENO"
"CL","ARROYO DE LAS PILILLAS","ARROYO DE LAS PILILLAS"
"CL","ARROYO DEL OLIVAR","ARROYO DEL OLIVAR"
"CL","ARROYO FONTARRON","ARROYO FONTARRON"
"CL","ARROZAL","ARROZAL"
"CL","ARTAJONA","ARTAJONA"
"CL","ARTE EXPRESIONISTA","ARTE EXPRESIONISTA"
"CL","ARTE MUDEJAR DE TERUEL","ARTE MUDEJAR DE TERUEL"
"CL","ARTE POP","ARTE POP"
"CL","ARTESANIA","ARTESANIA"
"CL","ARTISTAS","ARTISTAS"
"CL","ARTURO SORIA","ARTURO SORIA"
"CL","ARZUA","ARZUA"
"CL","ASCAO","ASCAO"
"CL","ASCENSION BIELSA","ASCENSION BIELSA"
"CL","ASFALTO","ASFALTO"
"CL","ASTROS","ASTROS"
"CL","ASUNCION CASTELL","ASUNCION CASTELL"
"CL","ATAPUERCA","ATAPUERCA"
"CL","ATHOS","ATHOS"
"CL","ATLETICO DE MADRID","ATLETICO DE MADRID"
"CL","ATOCHA","ATOCHA"
"CL","AUGUSTO FIGUEROA","AUGUSTO FIGUEROA"
"CL","AUGUSTO GONZALEZ BESADA","AUGUSTO GONZALEZ BESADA"
"CL","AUGUSTOBRIGA","AUGUSTOBRIGA"
"CL","AURORA IGLESIAS","AURORA IGLESIAS"
"CL","AUTOGIRO","AUTOGIRO"
"CL","AVE MARIA","AVE MARIA"
"CL","AVEFRIA","AVEFRIA"
"CL","AVELINO FERNANDEZ POZA","AVELINO FERNANDEZ POZA"
"CL","AVILA","AVILA"
"CL","AYALA","AYALA"
"CL","AYERBE","AYERBE"
"CL","AYLLON","AYLLON"
"CL","AZABACHE","AZABACHE"
"CL","AZCOITIA","AZCOITIA"
"CL","AZCONA","AZCONA"
"CL","AZOFRA","AZOFRA"
"CL","AZOR","AZOR"
"CL","AZUAGA","AZUAGA"
"CL","AZUCENAS","AZUCENAS"
"CL","AÑASTRO","AÑASTRO"
"CL","BABILONIA","BABILONIA"
"CL","BACARES","BACARES"
"CL","BADALONA","BADALONA"
"CL","BAENA","BAENA"
"CL","BAEZA","BAEZA"
"CL","BAHIA DE ALGECIRAS","BAHIA DE ALGECIRAS"
"CL","BAHIA DE ALICANTE","BAHIA DE ALICANTE"
"CL","BAHIA DE ALMERIA","BAHIA DE ALMERIA"
"CL","BAHIA DE CADIZ","BAHIA DE CADIZ"
"CL","BAHIA DE CARTAGENA","BAHIA DE CARTAGENA"
"CL","BAHIA DE MALAGA","BAHIA DE MALAGA"
"CL","BAHIA DE PALMA","BAHIA DE PALMA"
"CL","BALANDRO","BALANDRO"
"CL","BALEARES","BALEARES"
"CL","BALLESTA","BALLESTA"
"CL","BARANOA","BARANOA"
"CL","BARBASTRO","BARBASTRO"
"CL","BARCELONA","BARCELONA"
"CL","BARCO","BARCO"
"CL","BARDALA","BARDALA"
"CL","BARIO","BARIO"
"CL","BARQUILLO","BARQUILLO"
"CL","BARRAFON","BARRAFON"
"CL","BARRANCO DEL NOVILLO","BARRANCO DEL NOVILLO"
"CL","BARRIONUEVO","BARRIONUEVO"
"CL","BASCONES","BASCONES"
"CL","BASTERO","BASTERO"
"CL","BATALLA DE BELCHITE","BATALLA DE BELCHITE"
"CL","BAUSA","BAUSA"
"CL","BAÑEZA","BAÑEZA"
"CL","BAÑOS DE VALDEARADOS","BAÑOS DE VALDEARADOS"
"CL","BEASAIN","BEASAIN"
"CL","BECERREA","BECERREA"
"CL","BELGICA","BELGICA"
"CL","BELLVER","BELLVER"
"CL","BELZUNEGUI","BELZUNEGUI"
"CL","BEMBIBRE","BEMBIBRE"
"CL","BENAMARGOSA","BENAMARGOSA"
"CL","BENARRABA","BENARRABA"
"CL","BENICASIM","BENICASIM"
"CL","BENIDORM","BENIDORM"
"CL","BENIFERRI","BENIFERRI"
"CL","BENIMAMET","BENIMAMET"
"CL","BENITO GUTIERREZ","BENITO GUTIERREZ"
"CL","BENJAMIN","BENJAMIN"
"CL","BERDUN","BERDUN"
"CL","BERENISA","BERENISA"
"CL","BERGANTIN","BERGANTIN"
"CL","BERLANAS","BERLANAS"
"CL","BERNARDINA GARCIA","BERNARDINA GARCIA"
"CL","BERNARDINO OBREGON","BERNARDINO OBREGON"
"CL","BERNARDO LOPEZ GARCIA","BERNARDO LOPEZ GARCIA"
"CL","BERROCAL","BERROCAL"
"CL","BERRUGUETE","BERRUGUETE"
"CL","BETANCUNIA","BETANCUNIA"
"CL","BIOSCA","BIOSCA"
"CL","BLASCO DE GARAY","BLASCO DE GARAY"
"CL","BLASON","BLASON"
"CL","BOCANGEL","BOCANGEL"
"CL","BOLDANO","BOLDANO"
"CL","BOLIVAR","BOLIVAR"
"CL","BOLIVIA","BOLIVIA"
"CL","BOLTAÑA","BOLTAÑA"
"CL","BORJA","BORJA"
"CL","BORJAS BLANCAS","BORJAS BLANCAS"
"CL","BOSTON","BOSTON"
"CL","BOTICA","BOTICA"
"CL","BOYACA","BOYACA"
"CL","BRAILLE","BRAILLE"
"CL","BRAULIO GUTIERREZ","BRAULIO GUTIERREZ"
"CL","BRAVO MURILLO","BRAVO MURILLO"
"CL","BRONCE","BRONCE"
"CL","BRUNO GARCIA","BRUNO GARCIA"
"CL","BUEN GOBERNADOR","BUEN GOBERNADOR"
"CL","BUENDIA","BUENDIA"
"CL","BURETA","BURETA"
"CL","BURGOS","BURGOS"
"CL","BURJASOT","BURJASOT"
"CL","BUSTAMANTE","BUSTAMANTE"
"CL","BUSTARVIEJO","BUSTARVIEJO"
"CL","BUTRON","BUTRON"
"CL","CABALLERO DE GRACIA","CABALLERO DE GRACIA"
"CL","CABESTREROS","CABESTREROS"
"CL","CABEZA","CABEZA"
"CL","CABEZA MESADA","CABEZA MESADA"
"CL","CABO NICOLAS MUR","CABO NICOLAS MUR"
"CL","CACERES","CACERES"
"CL","CACEREÑOS","CACEREÑOS"
"CL","CACHERO","CACHERO"
"CL","CACTUS","CACTUS"
"CL","CADARSO","CADARSO"
"CL","CADETE JULIO LLOMPART","CADETE JULIO LLOMPART"
"CL","CALAHORRA","CALAHORRA"
"CL","CALAMOCHA","CALAMOCHA"
"CL","CALASPARRA","CALASPARRA"
"CL","CALATRAVA","CALATRAVA"
"CL","CALCIO","CALCIO"
"CL","CALERO PITA","CALERO PITA"
"CL","CALERUEGA","CALERUEGA"
"CL","CALIZA","CALIZA"
"CL","CALLEJO","CALLEJO"
"CL","CAMARENA","CAMARENA"
"CL","CAMBRIJAS","CAMBRIJAS"
"CL","CAMICHI","CAMICHI"
"CL","CAMINO VIEJO DE LEGANES","CAMINO VIEJO DE LEGANES"
"CL","CAMPANAS","CAMPANAS"
"CL","CAMPO DE LA PALOMA","CAMPO DE LA PALOMA"
"CL","CAMPO DE LA TORRE","CAMPO DE LA TORRE"
"CL","CAMPOS IBAÑEZ","CAMPOS IBAÑEZ"
"CL","CANAL DE SUEZ","CANAL DE SUEZ"
"CL","CANARIAS","CANARIAS"
"CL","CANCHAL","CANCHAL"
"CL","CANILLAS","CANILLAS"
"CL","CANOA","CANOA"
"CL","CANTALEJOS","CANTALEJOS"
"CL","CANTUESO","CANTUESO"
"CL","CAPISCOL","CAPISCOL"
"CL","CAPITAN BLANCO ARGIBAY","CAPITAN BLANCO ARGIBAY"
"CL","CAPITAN HAYA","CAPITAN HAYA"
"CL","CARABELA","CARABELA"
"CL","CARABELOS","CARABELOS"
"CL","CARABIAS","CARABIAS"
"CL","CARAMUEL","CARAMUEL"
"CL","CARAZO","CARAZO"
"CL","CARDAÑO","CARDAÑO"
"CL","CARDENAL BELLUGA","CARDENAL BELLUGA"
"CL","CARDENAL MENDOZA","CARDENAL MENDOZA"
"CL","CARDENAL SILICEO","CARDENAL SILICEO"
"CL","CARDEÑOSA","CARDEÑOSA"
"CL","CARDEÑUELA RIOPICO","CARDEÑUELA RIOPICO"
"CL","CARIBE","CARIBE"
"CL","CARLINA","CARLINA"
"CL","CARLOS AURIOLES","CARLOS AURIOLES"
"CL","CARLOS DOMINGO","CARLOS DOMINGO"
"CL","CARLOS FUENTES","CARLOS FUENTES"
"CL","CARLOS II","CARLOS II"
"CL","CARLOS IV","CARLOS IV"
"CL","CARLOS LATORRE","CARLOS LATORRE"
"CL","CARLOS MARTIN ALVAREZ","CARLOS MARTIN ALVAREZ"
"CL","CARMELITAS","CARMELITAS"
"CL","CARMEN AMAYA","CARMEN AMAYA"
"CL","CARMEN BRUGUERA","CARMEN BRUGUERA"
"CL","CARMEN PORTONES","CARMEN PORTONES"
"CL","CARNICER","CARNICER"
"CL","CAROLINA CORONADO","CAROLINA CORONADO"
"CL","CAROLINA PAINO","CAROLINA PAINO"
"CL","CAROLINAS","CAROLINAS"
"CL","CARPINTERIA","CARPINTERIA"
"CL","CARPIO Y TORTA","CARPIO Y TORTA"
"CL","CARRANQUE","CARRANQUE"
"CL","CARRASCALES","CARRASCALES"
"CL","CARRERO JUAN RAMON","CARRERO JUAN RAMON"
"CL","CARRETAS","CARRETAS"
"CL","CARRIL DEL CONDE","CARRIL DEL CONDE"
"CL","CARROCERIA","CARROCERIA"
"CL","CARTAGENA","CARTAGENA"
"CL","CARTAGO","CARTAGO"
"CL","CARTAYA","CARTAYA"
"CL","CARVAJALES","CARVAJALES"
"CL","CASALARREINA","CASALARREINA"
"CL","CASCO ANTIGUO","CASCO ANTIGUO"
"CL","CASTELLO","CASTELLO"
"CL","CASTIELLO DE JACA","CASTIELLO DE JACA"
"CL","CASTILLA","CASTILLA"
"CL","CASTILLO DE AYSA","CASTILLO DE AYSA"
"CL","CASTILLO DE CANDANCHU","CASTILLO DE CANDANCHU"
"CL","CASTILLO DE COCA","CASTILLO DE COCA"
"CL","CASTILLO DE MANZANARES","CASTILLO DE MANZANARES"
"CL","CASTILLO DE OROPESA","CASTILLO DE OROPESA"
"CL","CASTILLO DE PEÑAFIEL","CASTILLO DE PEÑAFIEL"
"CL","CASTILLO DE SIMANCAS","CASTILLO DE SIMANCAS"
"CL","CASTO PLASENCIA","CASTO PLASENCIA"
"CL","CASTRILLO DE AZA","CASTRILLO DE AZA"
"CL","CASTRO DE ORO","CASTRO DE ORO"
"CL","CASTROGERIZ","CASTROGERIZ"
"CL","CASTROPOL","CASTROPOL"
"CL","CASTROSERNA","CASTROSERNA"
"CL","CASTUERA","CASTUERA"
"CL","CAUNEDO","CAUNEDO"
"CL","CAVANILLES","CAVANILLES"
"CL","CAÑADA","CAÑADA"
"CL","CAÑAVERAL","CAÑAVERAL"
"CL","CAÑIZARES","CAÑIZARES"
"CL","CEBREROS","CEBREROS"
"CL","CEDROS","CEDROS"
"CL","CEFERINO AVILA","CEFERINO AVILA"
"CL","CEFERINO RODRIGUEZ","CEFERINO RODRIGUEZ"
"CL","CENICIENTOS","CENICIENTOS"
"CL","CENTENERA","CENTENERA"
"CL","CEREZA","CEREZA"
"CL","CERRILLO","CERRILLO"
"CL","CERRO BERMEJO","CERRO BERMEJO"
"CL","CERRO BLANCO","CERRO BLANCO"
"CL","CERRO DE GARABITAS","CERRO DE GARABITAS"
"CL","CERRO DE LA ALCAZABA","CERRO DE LA ALCAZABA"
"CL","CERRO DEL CASTAÑAR","CERRO DEL CASTAÑAR"
"CL","CERRO MINGUETE","CERRO MINGUETE"
"CL","CERVANTES","CERVANTES"
"CL","CERVERA","CERVERA"
"CL","CESAR PASTOR LLOPIS","CESAR PASTOR LLOPIS"
"CL","CESTONA","CESTONA"
"CL","CEUTA","CEUTA"
"CL","CHANTADA","CHANTADA"
"CL","CHAPARRAL","CHAPARRAL"
"CL","CHAPISTERIA","CHAPISTERIA"
"CL","CHARLEROI","CHARLEROI"
"CL","CHICLANA","CHICLANA"
"CL","CHILE","CHILE"
"CL","CHIMBO","CHIMBO"
"CL","CHIQUINQUIRA","CHIQUINQUIRA"
"CL","CHIRIMOYA","CHIRIMOYA"
"CL","CHISPEROS","CHISPEROS"
"CL","CHUCURI","CHUCURI"
"CL","CHURRUCA","CHURRUCA"
"CL","CICERON","CICERON"
"CL","CIDRA","CIDRA"
"CL","CINE","CINE"
"CL","CIRCE","CIRCE"
"CL","CIUDAD REAL","CIUDAD REAL"
"CL","CIUDADANIA","CIUDADANIA"
"CL","CLARA CAMPOAMOR","CLARA CAMPOAMOR"
"CL","CLARA DEL REY","CLARA DEL REY"
"CL","CLARA SCHUMANN","CLARA SCHUMANN"
"CL","CLARINETES","CLARINETES"
"CL","CLAUDIO COELLO","CLAUDIO COELLO"
"CL","CLAUDIO SANCHEZ ALBORNOZ","CLAUDIO SANCHEZ ALBORNOZ"
"CL","CLEMENTE ALONSO","CLEMENTE ALONSO"
"CL","COALICION","COALICION"
"CL","COBALTO","COBALTO"
"CL","COBOS DE SEGOVIA","COBOS DE SEGOVIA"
"CL","COCHERAS","COCHERAS"
"CL","COLIOS","COLIOS"
"CL","COLLADO DEL HORNILLO","COLLADO DEL HORNILLO"
"CL","COLLADOS","COLLADOS"
"CL","COLOMBIA","COLOMBIA"
"CL","COLORANTES","COLORANTES"
"CL","COMANDANTE BENITEZ","COMANDANTE BENITEZ"
"CL","COMANDANTE FONTANES","COMANDANTE FONTANES"
"CL","COMANDANTE ZORITA","COMANDANTE ZORITA"
"CL","COMERCIAL","COMERCIAL"
"CL","COMERCIO","COMERCIO"
"CL","COMUNEROS DE CASTILLA","COMUNEROS DE CASTILLA"
"CL","CONCEJO DE TEVERGA","CONCEJO DE TEVERGA"
"CL","CONCEPCION","CONCEPCION"
"CL","CONCEPCION JERONIMA","CONCEPCION JERONIMA"
"CL","CONCILIACION","CONCILIACION"
"CL","CONDE DE PEÑALVER","CONDE DE PEÑALVER"
"CL","CONDE DE VALLELLANO","CONDE DE VALLELLANO"
"CL","CONDE DE VILCHES","CONDE DE VILCHES"
"CL","CONDE DE VISTAHERMOSA","CONDE DE VISTAHERMOSA"
"CL","CONDE DUQUE","CONDE DUQUE"
"CL","CONDESA DE TEBA","CONDESA DE TEBA"
"CL","CONDESA DE VENADITO","CONDESA DE VENADITO"
"CL","CONGOSTO","CONGOSTO"
"CL","CONSENSO","CONSENSO"
"CL","CONSTANCIA","CONSTANCIA"
"CL","CONSUELO GUZMAN","CONSUELO GUZMAN"
"CL","CONVENIO","CONVENIO"
"CL","CORAZON DE MARIA","CORAZON DE MARIA"
"CL","CORDEL DE PAVONES","CORDEL DE PAVONES"
"CL","CORDOBANES","CORDOBANES"
"CL","CORDOVIN","CORDOVIN"
"CL","CORIA","CORIA"
"CL","CORRAL DE ALMAGUER","CORRAL DE ALMAGUER"
"CL","CORREO","CORREO"
"CL","CORUÑA","CORUÑA"
"CL","COSLADA","COSLADA"
"CL","COSTA BRAVA","COSTA BRAVA"
"CL","COSTA DEL SOL","COSTA DEL SOL"
"CL","COSTA RICA","COSTA RICA"
"CL","CRACOVIA","CRACOVIA"
"CL","CRISTO DE LA FE","CRISTO DE LA FE"
"CL","CRISTO DE LA VICTORIA","CRISTO DE LA VICTORIA"
"CL","CRISTO DE LEPANTO","CRISTO DE LEPANTO"
"CL","CRISTOBAL AGUILERA","CRISTOBAL AGUILERA"
"CL","CRUZ","CRUZ"
"CL","CRUZ DEL SUR","CRUZ DEL SUR"
"CL","CUART DE POBLET","CUART DE POBLET"
"CL","CUARTEL DE SIMANCAS","CUARTEL DE SIMANCAS"
"CL","CUATRO AMIGOS","CUATRO AMIGOS"
"CL","CUCLILLO","CUCLILLO"
"CL","CUEVAS","CUEVAS"
"CL","CUEVAS DE ALMANZORA","CUEVAS DE ALMANZORA"
"CL","DANIEL SEGOVIA","DANIEL SEGOVIA"
"CL","DATIL","DATIL"
"CL","DECORADORES","DECORADORES"
"CL","DELFIN","DELFIN"
"CL","DELICIAS","DELICIAS"
"CL","DEPORTISTAS","DEPORTISTAS"
"CL","DEVA","DEVA"
"CL","DEYANIRA","DEYANIRA"
"CL","DIAMANTE","DIAMANTE"
"CL","DIEGO BAHAMONDE","DIEGO BAHAMONDE"
"CL","DIEGO DE LEON","DIEGO DE LEON"
"CL","DIEGO MANCHADO","DIEGO MANCHADO"
"CL","DIEZ","DIEZ"
"CL","DIONISIO INCA YUPANQUI","DIONISIO INCA YUPANQUI"
"CL","DISCOBOLO","DISCOBOLO"
"CL","DIVINO REDENTOR","DIVINO REDENTOR"
"CL","DIVINO VALLES","DIVINO VALLES"
"CL","DOCE DE OCTUBRE","DOCE DE OCTUBRE"
"CL","DOCTOR BELLIDO","DOCTOR BELLIDO"
"CL","DOCTOR BLANCO SOLER","DOCTOR BLANCO SOLER"
"CL","DOCTOR DRUMEN","DOCTOR DRUMEN"
"CL","DOCTOR ESPINA","DOCTOR ESPINA"
"CL","DOCTOR ESQUERDO","DOCTOR ESQUERDO"
"CL","DOCTOR FLEMING","DOCTOR FLEMING"
"CL","DOCTOR FOURQUET","DOCTOR FOURQUET"
"CL","DOCTOR GOMEZ ULLA","DOCTOR GOMEZ ULLA"
"CL","DOCTOR IGLESIAS FERNANDEZ","DOCTOR IGLESIAS FERNANDEZ"
"CL","DOCTOR JUAN BRAVO","DOCTOR JUAN BRAVO"
"CL","DOCTOR LOZANO","DOCTOR LOZANO"
"CL","DOCTOR MARTIN AREVALO","DOCTOR MARTIN AREVALO"
"CL","DOCTOR RAMON CASTROVIEJO","DOCTOR RAMON CASTROVIEJO"
"CL","DOCTOR SANCHEZ","DOCTOR SANCHEZ"
"CL","DOCTOR SANTERO","DOCTOR SANTERO"
"CL","DOCTOR URQUIOLA","DOCTOR URQUIOLA"
"CL","DOCTOR VALLEJO","DOCTOR VALLEJO"
"CL","DOCTOR VELASCO","DOCTOR VELASCO"
"CL","DODGE","DODGE"
"CL","DOLORES","DOLORES"
"CL","DOLORES BARRANCO","DOLORES BARRANCO"
"CL","DOLORES COCA","DOLORES COCA"
"CL","DOLORES FOLGUERAS","DOLORES FOLGUERAS"
"CL","DOLORES SOPEÑA","DOLORES SOPEÑA"
"CL","DOMINGO DE ZAIZITA","DOMINGO DE ZAIZITA"
"CL","DOMINGO FERNANDEZ","DOMINGO FERNANDEZ"
"CL","DOMINGO PARRAGA","DOMINGO PARRAGA"
"CL","DON QUIJOTE","DON QUIJOTE"
"CL","DON RAMON DE LA CRUZ","DON RAMON DE LA CRUZ"
"CL","DONATO BAÑARES","DONATO BAÑARES"
"CL","DONOSO CORTES","DONOSO CORTES"
"CL","DOROTEO LABORDA","DOROTEO LABORDA"
"CL","DOS (CAMPAMENTO)","DOS (CAMPAMENTO)"
"CL","DOS HERMANAS","DOS HERMANAS"
"CL","DOÑA BERENGUELA","DOÑA BERENGUELA"
"CL","DOÑA FRANCISQUITA","DOÑA FRANCISQUITA"
"CL","DOÑA MENCIA","DOÑA MENCIA"
"CL","DOÑA URRACA","DOÑA URRACA"
"CL","DULCE","DULCE"
"CL","DULCE CHACON","DULCE CHACON"
"CL","DULCE NOMBRE DE MARIA","DULCE NOMBRE DE MARIA"
"CL","DULCINEA","DULCINEA"
"CL","DULZAINA","DULZAINA"
"CL","DULZURA","DULZURA"
"CL","DUQUE DE SESTO","DUQUE DE SESTO"
"CL","DUQUESA DE PARCENT","DUQUESA DE PARCENT"
"CL","DUQUESA DE TAMAMES","DUQUESA DE TAMAMES"
"CL","EBANISTERIA","EBANISTERIA"
"CL","ECHEGARAY","ECHEGARAY"
"CL","EDUARDO AUNOS","EDUARDO AUNOS"
"CL","EDUARDO BARREIROS","EDUARDO BARREIROS"
"CL","EDUARDO BENOT","EDUARDO BENOT"
"CL","EDUARDO MINGUITO","EDUARDO MINGUITO"
"CL","EDUARDO MORALES","EDUARDO MORALES"
"CL","EDUARDO REQUENAS","EDUARDO REQUENAS"
"CL","EDUARDO RIVAS","EDUARDO RIVAS"
"CL","EDUARDO ROJO","EDUARDO ROJO"
"CL","EDUARDO UROSA","EDUARDO UROSA"
"CL","EFIGENIA","EFIGENIA"
"CL","EL YESERO","EL YESERO"
"CL","ELDA","ELDA"
"CL","ELFO","ELFO"
"CL","ELVAS","ELVAS"
"CL","ELVIRA","ELVIRA"
"CL","EMBAJADORES","EMBAJADORES"
"CL","EMBALSE DE NAVACERRADA","EMBALSE DE NAVACERRADA"
"CL","EMBALSE DE VALMAYOR","EMBALSE DE VALMAYOR"
"CL","EMILIA BALLESTER","EMILIA BALLESTER"
"CL","EMILIO FERRARI","EMILIO FERRARI"
"CL","EMILIO GASTESI FERNANDEZ","EMILIO GASTESI FERNANDEZ"
"CL","EMILIO ORTUÑO","EMILIO ORTUÑO"
"CL","EMILIO RABOSO","EMILIO RABOSO"
"CL","EMMA PENELLA","EMMA PENELLA"
"CL","EMPEDRADA","EMPEDRADA"
"CL","ENCAJERAS","ENCAJERAS"
"CL","ENCARNACION OVIOL","ENCARNACION OVIOL"
"CL","ENCOMIENDA","ENCOMIENDA"
"CL","ENCOMIENDA DE PALACIOS","ENCOMIENDA DE PALACIOS"
"CL","ENRIQUE AGUILAR","ENRIQUE AGUILAR"
"CL","ENRIQUE BORRAS","ENRIQUE BORRAS"
"CL","ENRIQUE FUENTES","ENRIQUE FUENTES"
"CL","ENRIQUE MOYANO","ENRIQUE MOYANO"
"CL","ENRIQUE TROMPETA","ENRIQUE TROMPETA"
"CL","ENRIQUE VELASCO","ENRIQUE VELASCO"
"CL","ERASO","ERASO"
"CL","ERCILLA","ERCILLA"
"CL","ERNEST HEMINGWAY","ERNEST HEMINGWAY"
"CL","EROS","EROS"
"CL","ERVIGIO","ERVIGIO"
"CL","ESCALA","ESCALA"
"CL","ESCALONA","ESCALONA"
"CL","ESCANDON","ESCANDON"
"CL","ESCORIAZA","ESCORIAZA"
"CL","ESCRIBANOS","ESCRIBANOS"
"CL","ESCUADRA","ESCUADRA"
"CL","ESCUELAS","ESCUELAS"
"CL","ESCULTORES","ESCULTORES"
"CL","ESFINGE","ESFINGE"
"CL","ESMALTINA","ESMALTINA"
"CL","ESPADA","ESPADA"
"CL","ESPERANZA","ESPERANZA"
"CL","ESPERANZA MACARENA","ESPERANZA MACARENA"
"CL","ESPINAR","ESPINAR"
"CL","ESTAFETA","ESTAFETA"
"CL","ESTEBAN COLLANTES","ESTEBAN COLLANTES"
"CL","ESTEBAN MORA","ESTEBAN MORA"
"CL","ESTEFANITA","ESTEFANITA"
"CL","ESTELLA","ESTELLA"
"CL","ESTORIL","ESTORIL"
"CL","ESTRELLA","ESTRELLA"
"CL","ESTRELLA DENEBOLA","ESTRELLA DENEBOLA"
"CL","ESTRONCIO","ESTRONCIO"
"CL","ETNA","ETNA"
"CL","ETRURIA","ETRURIA"
"CL","EUGENIA DE MONTIJO","EUGENIA DE MONTIJO"
"CL","EUGENIO","EUGENIO"
"CL","EUGENIO CAXES","EUGENIO CAXES"
"CL","EUGENIO SALAZAR","EUGENIO SALAZAR"
"CL","EUSEBIO MORAN","EUSEBIO MORAN"
"CL","EUSKALDUNA","EUSKALDUNA"
"CL","EZCARAY","EZCARAY"
"CL","EZEQUIEL SOLANA","EZEQUIEL SOLANA"
"CL","FACTOR","FACTOR"
"CL","FAUSTINO OSORIO","FAUSTINO OSORIO"
"CL","FAUSTO DOMINGO","FAUSTO DOMINGO"
"CL","FE","FE"
"CL","FEDERICO GRASES","FEDERICO GRASES"
"CL","FEDERICO MAYO","FEDERICO MAYO"
"CL","FEDERICO MORENO TORROBA","FEDERICO MORENO TORROBA"
"CL","FELIPE CASTRO","FELIPE CASTRO"
"CL","FELIPE DE DIEGO","FELIPE DE DIEGO"
"CL","FELIPE MORA","FELIPE MORA"
"CL","FELISA MENDEZ","FELISA MENDEZ"
"CL","FENELON","FENELON"
"CL","FERELUZ","FERELUZ"
"CL","FERMIN CABALLERO","FERMIN CABALLERO"
"CL","FERMIN DONAIRE","FERMIN DONAIRE"
"CL","FERNAN CABALLERO","FERNAN CABALLERO"
"CL","FERNAN GONZALEZ","FERNAN GONZALEZ"
"CL","FERNANDEZ DE LOS RIOS","FERNANDEZ DE LOS RIOS"
"CL","FERNANDEZ DE OVIEDO","FERNANDEZ DE OVIEDO"
"CL","FERNANDO DELGADO","FERNANDO DELGADO"
"CL","FERNANDO DIAZ DE MENDOZA","FERNANDO DIAZ DE MENDOZA"
"CL","FERNANDO HIGUERAS","FERNANDO HIGUERAS"
"CL","FERNANDO PESSOA","FERNANDO PESSOA"
"CL","FERNANDO POO","FERNANDO POO"
"CL","FERRAZ","FERRAZ"
"CL","FERRER DEL RIO","FERRER DEL RIO"
"CL","FERROCARRIL","FERROCARRIL"
"CL","FERROVIARIOS","FERROVIARIOS"
"CL","FINISTERRE","FINISTERRE"
"CL","FLAUTAS","FLAUTAS"
"CL","FLORA TRISTAN","FLORA TRISTAN"
"CL","FLORENCIA","FLORENCIA"
"CL","FLORENCIO GARCIA","FLORENCIO GARCIA"
"CL","FONTIVEROS","FONTIVEROS"
"CL","FORGES","FORGES"
"CL","FORTUNA","FORTUNA"
"CL","FRAGATA","FRAGATA"
"CL","FRANCISCA CALONGE","FRANCISCA CALONGE"
"CL","FRANCISCA TORRES CATALAN","FRANCISCA TORRES CATALAN"
"CL","FRANCISCO ABRIL","FRANCISCO ABRIL"
"CL","FRANCISCO DE DIEGO","FRANCISCO DE DIEGO"
"CL","FRANCISCO DEL PINO","FRANCISCO DEL PINO"
"CL","FRANCISCO DEL POZO","FRANCISCO DEL POZO"
"CL","FRANCISCO GARCIA","FRANCISCO GARCIA"
"CL","FRANCISCO GIRALTE","FRANCISCO GIRALTE"
"CL","FRANCISCO GUZMAN","FRANCISCO GUZMAN"
"CL","FRANCISCO IGLESIAS","FRANCISCO IGLESIAS"
"CL","FRANCISCO LIZCANO","FRANCISCO LIZCANO"
"CL","FRANCISCO MOSQUEDA","FRANCISCO MOSQUEDA"
"CL","FRANCISCO NAVACERRADA","FRANCISCO NAVACERRADA"
"CL","FRANCISCO PAINO","FRANCISCO PAINO"
"CL","FRANCISCO PALOMO","FRANCISCO PALOMO"
"CL","FRANCISCO REMIRO","FRANCISCO REMIRO"
"CL","FRANCISCO REQUENA","FRANCISCO REQUENA"
"CL","FRANCISCO RIOJA","FRANCISCO RIOJA"
"CL","FRANCISCO SANTOS","FRANCISCO SANTOS"
"CL","FRANCISCO SILVELA","FRANCISCO SILVELA"
"CL","FRANCISCO VILLAESPESA","FRANCISCO VILLAESPESA"
"CL","FRANCOS RODRIGUEZ","FRANCOS RODRIGUEZ"
"CL","FRAY BERNARDINO SAHAGUN","FRAY BERNARDINO SAHAGUN"
"CL","FRAY CEFERINO GONZALEZ","FRAY CEFERINO GONZALEZ"
"CL","FRAY JOSE CERDEIRIÑA","FRAY JOSE CERDEIRIÑA"
"CL","FRAY JUNIPERO SERRA","FRAY JUNIPERO SERRA"
"CL","FRAY LUIS DE LEON","FRAY LUIS DE LEON"
"CL","FRESNO DE CANTESPINO","FRESNO DE CANTESPINO"
"CL","FRIDA KAHLO","FRIDA KAHLO"
"CL","FRIGILIANA","FRIGILIANA"
"CL","FUENCALIENTE","FUENCALIENTE"
"CL","FUENCARRAL","FUENCARRAL"
"CL","FUENDETODOS","FUENDETODOS"
"CL","FUENLABRADA","FUENLABRADA"
"CL","FUENTE CARRANTONA","FUENTE CARRANTONA"
"CL","FUENTE DE LA CAPONA","FUENTE DE LA CAPONA"
"CL","FUENTE DE LIMA","FUENTE DE LIMA"
"CL","FUENTE DEL BERRO","FUENTE DEL BERRO"
"CL","FUENTE DEL TIRO","FUENTE DEL TIRO"
"CL","FUENTES","FUENTES"
"CL","FUENTESAUCO","FUENTESAUCO"
"CL","FUENTESPINA","FUENTESPINA"
"CL","FUNDADORES","FUNDADORES"
"CL","GABRIEL DIEZ","GABRIEL DIEZ"
"CL","GABRIEL LOBO","GABRIEL LOBO"
"CL","GABRIEL USERA","GABRIEL USERA"
"CL","GAINZA","GAINZA"
"CL","GALEON","GALEON"
"CL","GALERA","GALERA"
"CL","GALIANA","GALIANA"
"CL","GALICIA","GALICIA"
"CL","GALILEO","GALILEO"
"CL","GALLEGOS","GALLEGOS"
"CL","GALLO","GALLO"
"CL","GALLUR","GALLUR"
"CL","GALVEZ","GALVEZ"
"CL","GANDHI","GANDHI"
"CL","GANDIA","GANDIA"
"CL","GANDO","GANDO"
"CL","GARCIA LLAMAS","GARCIA LLAMAS"
"CL","GARCIA LUNA","GARCIA LUNA"
"CL","GARCIA SALAZAR","GARCIA SALAZAR"
"CL","GARDENIAS","GARDENIAS"
"CL","GARGANCHON","GARGANCHON"
"CL","GARGANTA DE AISA","GARGANTA DE AISA"
"CL","GASOMETRO","GASOMETRO"
"CL","GAVIA SECA","GAVIA SECA"
"CL","GAVIOTA","GAVIOTA"
"CL","GAZTAMBIDE","GAZTAMBIDE"
"CL","GENCIANA","GENCIANA"
"CL","GENERAL ARANAZ","GENERAL ARANAZ"
"CL","GENERAL ARANDA","GENERAL ARANDA"
"CL","GENERAL CASTAÑOS","GENERAL CASTAÑOS"
"CL","GENERAL DIAZ PORLIER","GENERAL DIAZ PORLIER"
"CL","GENERAL GARCIA ESCAMEZ","GENERAL GARCIA ESCAMEZ"
"CL","GENERAL KIRKPATRICK","GENERAL KIRKPATRICK"
"CL","GENERAL LACY","GENERAL LACY"
"CL","GENERAL MARGALLO","GENERAL MARGALLO"
"CL","GENERAL MILLAN ASTRAY","GENERAL MILLAN ASTRAY"
"CL","GENERAL ORAA","GENERAL ORAA"
"CL","GENERAL ORGAZ","GENERAL ORGAZ"
"CL","GENERAL PALANCA","GENERAL PALANCA"
"CL","GENERAL PARDIÑAS","GENERAL PARDIÑAS"
"CL","GENERAL PINTOS","GENERAL PINTOS"
"CL","GENERAL PRIM","GENERAL PRIM"
"CL","GENERAL RAMIREZ DE MADRID","GENERAL RAMIREZ DE MADRID"
"CL","GENERAL RICARDOS","GENERAL RICARDOS"
"CL","GENERAL ROMERO BASART","GENERAL ROMERO BASART"
"CL","GENERAL SALIQUET","GENERAL SALIQUET"
"CL","GENERAL VARELA","GENERAL VARELA"
"CL","GENERAL YAGUE","GENERAL YAGUE"
"CL","GENERAL ZABALA","GENERAL ZABALA"
"CL","GENEROSIDAD","GENEROSIDAD"
"CL","GENISTA","GENISTA"
"CL","GERARDO CORDON","GERARDO CORDON"
"CL","GERARDO RUEDA","GERARDO RUEDA"
"CL","GERMAN PEREZ CARRASCO","GERMAN PEREZ CARRASCO"
"CL","GETAFE","GETAFE"
"CL","GILENA","GILENA"
"CL","GINZO DE LIMIA","GINZO DE LIMIA"
"CL","GIRALDA","GIRALDA"
"CL","GIRASOL","GIRASOL"
"CL","GOBERNADOR","GOBERNADOR"
"CL","GODELLA","GODELLA"
"CL","GOLFO DE SALONICA","GOLFO DE SALONICA"
"CL","GOMEZ ACEBO","GOMEZ ACEBO"
"CL","GOMEZ DE ARTECHE","GOMEZ DE ARTECHE"
"CL","GOMEZNARRO","GOMEZNARRO"
"CL","GONZALEZ ARIAS","GONZALEZ ARIAS"
"CL","GONZALEZ FEITO","GONZALEZ FEITO"
"CL","GONZALEZ SOLA","GONZALEZ SOLA"
"CL","GONZALEZ SOTO","GONZALEZ SOTO"
"CL","GONZALO DE BERCEO","GONZALO DE BERCEO"
"CL","GONZALO LOPEZ","GONZALO LOPEZ"
"CL","GONZALO SANDINO","GONZALO SANDINO"
"CL","GORRION","GORRION"
"CL","GOYA","GOYA"
"CL","GRAFITO","GRAFITO"
"CL","GRAN AVENIDA","GRAN AVENIDA"
"CL","GRANADA","GRANADA"
"CL","GRANDEZA ESPAÑOLA","GRANDEZA ESPAÑOLA"
"CL","GRANJILLA","GRANJILLA"
"CL","GRAZIA DELEDDA","GRAZIA DELEDDA"
"CL","GRAÑON","GRAÑON"
"CL","GREGORIO NAVAS","GREGORIO NAVAS"
"CL","GREGORIO ORTIZ","GREGORIO ORTIZ"
"CL","GREGORIO SANZ","GREGORIO SANZ"
"CL","GREGORIO VACAS","GREGORIO VACAS"
"CL","GREMIOS","GREMIOS"
"CL","GUABAIRO","GUABAIRO"
"CL","GUACAMAYO","GUACAMAYO"
"CL","GUADAIRA","GUADAIRA"
"CL","GUADALCAZAR","GUADALCAZAR"
"CL","GUADALETE","GUADALETE"
"CL","GUAREÑA","GUAREÑA"
"CL","GUATEMALA","GUATEMALA"
"CL","GUETARIA","GUETARIA"
"CL","GUILLERMO DE OSMA","GUILLERMO DE OSMA"
"CL","GUILLERMO PINGARRON","GUILLERMO PINGARRON"
"CL","GUINDOS","GUINDOS"
"CL","GUIPUZCOA","GUIPUZCOA"
"CL","GUMERSINDO AZCARATE","GUMERSINDO AZCARATE"
"CL","GUTIERRE DE CETINA","GUTIERRE DE CETINA"
"CL","GUZMAN EL BUENO","GUZMAN EL BUENO"
"CL","GUZMANIA","GUZMANIA"
"CL","HACHERO","HACHERO"
"CL","HACIENDA DE PAVONES","HACIENDA DE PAVONES"
"CL","HALCON","HALCON"
"CL","HELENA DE TROYA","HELENA DE TROYA"
"CL","HERMANO GARATE","HERMANO GARATE"
"CL","HERMANOS DE PABLO","HERMANOS DE PABLO"
"CL","HERMANOS DEL MORAL","HERMANOS DEL MORAL"
"CL","HERMANOS GARCIA NOBLEJAS","HERMANOS GARCIA NOBLEJAS"
"CL","HERMANOS MACHADO","HERMANOS MACHADO"
"CL","HERMANOS TRUEBA","HERMANOS TRUEBA"
"CL","HERMENEGILDO BIELSA","HERMENEGILDO BIELSA"
"CL","HERMINIO PUERTAS","HERMINIO PUERTAS"
"CL","HERMOSILLA","HERMOSILLA"
"CL","HERNANI","HERNANI"
"CL","HERRERIA","HERRERIA"
"CL","HERREROS DE TEJADA","HERREROS DE TEJADA"
"CL","HIERBABUENA","HIERBABUENA"
"CL","HIERRO","HIERRO"
"CL","HIGUERAS","HIGUERAS"
"CL","HIJAS DE JESUS","HIJAS DE JESUS"
"CL","HILARIO SANGRADOR","HILARIO SANGRADOR"
"CL","HILARION ESLAVA","HILARION ESLAVA"
"CL","HINOJOSA DEL DUQUE","HINOJOSA DEL DUQUE"
"CL","HISTORIAS DE LA RADIO","HISTORIAS DE LA RADIO"
"CL","HORCAJO","HORCAJO"
"CL","HORCAJUELO","HORCAJUELO"
"CL","HORNERO","HORNERO"
"CL","HORTALEZA","HORTALEZA"
"CL","HOSPITAL","HOSPITAL"
"CL","HOSPITAL DE ORBIGO","HOSPITAL DE ORBIGO"
"CL","HUERTA DE VILLAVERDE","HUERTA DE VILLAVERDE"
"CL","HUERTA DEL BAYO","HUERTA DEL BAYO"
"CL","HUERTA DEL CONVENTO","HUERTA DEL CONVENTO"
"CL","HUMANITARIAS","HUMANITARIAS"
"CL","HURTUMPASCUAL","HURTUMPASCUAL"
"CL","IBARRA","IBARRA"
"CL","IBAÑEZ MARIN","IBAÑEZ MARIN"
"CL","IBIZA","IBIZA"
"CL","IDIOMA ESPERANTO","IDIOMA ESPERANTO"
"CL","IGNACIO SANTOS VIÑUELAS","IGNACIO SANTOS VIÑUELAS"
"CL","ILIADA","ILIADA"
"CL","ILLESCAS","ILLESCAS"
"CL","ILUSTRACION","ILUSTRACION"
"CL","IMAGEN","IMAGEN"
"CL","INDALECIO FERNANDEZ","INDALECIO FERNANDEZ"
"CL","INFANTA MARIA TERESA","INFANTA MARIA TERESA"
"CL","INFANTA MERCEDES","INFANTA MERCEDES"
"CL","INFANTAS","INFANTAS"
"CL","INFANTE DIEGO","INFANTE DIEGO"
"CL","INMACULADA CONCEPCION","INMACULADA CONCEPCION"
"CL","INOCENCIA SANCHEZ","INOCENCIA SANCHEZ"
"CL","IRIARTE","IRIARTE"
"CL","IRLANDESES","IRLANDESES"
"CL","ISABEL BAEZA","ISABEL BAEZA"
"CL","ISABEL CLARA EUGENIA","ISABEL CLARA EUGENIA"
"CL","ISABEL COLBRAND","ISABEL COLBRAND"
"CL","ISABEL MENDEZ","ISABEL MENDEZ"
"CL","ISABEL PATACON","ISABEL PATACON"
"CL","ISABEL SERRANO","ISABEL SERRANO"
"CL","ISABELITA USERA","ISABELITA USERA"
"CL","ISIDRO FERNANDEZ","ISIDRO FERNANDEZ"
"CL","ISLA DE OZA","ISLA DE OZA"
"CL","ISLA DE RODAS","ISLA DE RODAS"
"CL","ISLA DE SAIPAN","ISLA DE SAIPAN"
"CL","ISLA DE SUMATRA","ISLA DE SUMATRA"
"CL","ISLA DE TABARCA","ISLA DE TABARCA"
"CL","ISLA GRACIOSA","ISLA GRACIOSA"
"CL","ISLA TRINIDAD","ISLA TRINIDAD"
"CL","ISLAS ANTIPODAS","ISLAS ANTIPODAS"
"CL","ISLAS BIKINI","ISLAS BIKINI"
"CL","ISLAS CIES","ISLAS CIES"
"CL","ISLAS MARQUESAS","ISLAS MARQUESAS"
"CL","ISTURIZ","ISTURIZ"
"CL","JACINTO VERDAGUER","JACINTO VERDAGUER"
"CL","JACOBINIA","JACOBINIA"
"CL","JAEN","JAEN"
"CL","JAIME EL CONQUISTADOR","JAIME EL CONQUISTADOR"
"CL","JAIME HERMIDA","JAIME HERMIDA"
"CL","JAIME TERCERO","JAIME TERCERO"
"CL","JAIME VERA","JAIME VERA"
"CL","JARAMAGOS","JARAMAGOS"
"CL","JARANDILLA","JARANDILLA"
"CL","JARDIN DE LA DUQUESA","JARDIN DE LA DUQUESA"
"CL","JARDINES","JARDINES"
"CL","JASPE","JASPE"
"CL","JATIVA","JATIVA"
"CL","JAVIER DE MIGUEL","JAVIER DE MIGUEL"
"CL","JAVIER DEL QUINTO","JAVIER DEL QUINTO"
"CL","JAZMIN","JAZMIN"
"CL","JENARA GOMEZ","JENARA GOMEZ"
"CL","JERONIMA LLORENTE","JERONIMA LLORENTE"
"CL","JERTE","JERTE"
"CL","JESUS","JESUS"
"CL","JESUS DEL GRAN PODER","JESUS DEL GRAN PODER"
"CL","JESUS DEL PINO","JESUS DEL PINO"
"CL","JESUS DEL VALLE","JESUS DEL VALLE"
"CL","JESUS MENDEZ","JESUS MENDEZ"
"CL","JESUS MONTOYA","JESUS MONTOYA"
"CL","JIMENA","JIMENA"
"CL","JOAQUIN ARJONA","JOAQUIN ARJONA"
"CL","JOAQUIN TURINA","JOAQUIN TURINA"
"CL","JORGE JUAN","JORGE JUAN"
"CL","JOSE","JOSE"
"CL","JOSE ANDRES","JOSE ANDRES"
"CL","JOSE ANDUIZA","JOSE ANDUIZA"
"CL","JOSE ANESPERE","JOSE ANESPERE"
"CL","JOSE ARCONES GIL","JOSE ARCONES GIL"
"CL","JOSE BARBASTRE","JOSE BARBASTRE"
"CL","JOSE BERGAMIN","JOSE BERGAMIN"
"CL","JOSE BIELSA","JOSE BIELSA"
"CL","JOSE CABRERA","JOSE CABRERA"
"CL","JOSE CALVO","JOSE CALVO"
"CL","JOSE CELESTINO MUTIS","JOSE CELESTINO MUTIS"
"CL","JOSE DE CADALSO","JOSE DE CADALSO"
"CL","JOSE DEL HIERRO","JOSE DEL HIERRO"
"CL","JOSE DEL PINO","JOSE DEL PINO"
"CL","JOSE DEL PINO JIMENEZ","JOSE DEL PINO JIMENEZ"
"CL","JOSE DEL RIO","JOSE DEL RIO"
"CL","JOSE FELIU Y CODINA","JOSE FELIU Y CODINA"
"CL","JOSE GARRIDO","JOSE GARRIDO"
"CL","JOSE GUTIERREZ MAROTO","JOSE GUTIERREZ MAROTO"
"CL","JOSE LUIS ARRESE","JOSE LUIS ARRESE"
"CL","JOSE MARIA CAVERO","JOSE MARIA CAVERO"
"CL","JOSE MARIA PEMAN","JOSE MARIA PEMAN"
"CL","JOSE MARIA PEREDA","JOSE MARIA PEREDA"
"CL","JOSE MAURELO","JOSE MAURELO"
"CL","JOSE PICON","JOSE PICON"
"CL","JOSE SERRANO","JOSE SERRANO"
"CL","JOSE VILLENA","JOSE VILLENA"
"CL","JOSEFA ALONSO","JOSEFA ALONSO"
"CL","JOSEFA HONRADO","JOSEFA HONRADO"
"CL","JOSEFINA VEREDAS","JOSEFINA VEREDAS"
"CL","JOSUE LILLO","JOSUE LILLO"
"CL","JOYERIA","JOYERIA"
"CL","JUAN ALVAREZ MENDIZABAL","JUAN ALVAREZ MENDIZABAL"
"CL","JUAN ANTONIO BARDEM","JUAN ANTONIO BARDEM"
"CL","JUAN BOSCAN","JUAN BOSCAN"
"CL","JUAN BRAVO","JUAN BRAVO"
"CL","JUAN DE JUANES","JUAN DE JUANES"
"CL","JUAN DE LA HOZ","JUAN DE LA HOZ"
"CL","JUAN DE OLIAS","JUAN DE OLIAS"
"CL","JUAN DE URBIETA","JUAN DE URBIETA"
"CL","JUAN DE VERA","JUAN DE VERA"
"CL","JUAN DEL RISCO","JUAN DEL RISCO"
"CL","JUAN DUQUE","JUAN DUQUE"
"CL","JUAN ESPAÑOL","JUAN ESPAÑOL"
"CL","JUAN FRANCISCO","JUAN FRANCISCO"
"CL","JUAN HURTADO DE MENDOZA","JUAN HURTADO DE MENDOZA"
"CL","JUAN JOSE BAUTISTA","JUAN JOSE BAUTISTA"
"CL","JUAN JOSE MARTINEZ SECO","JUAN JOSE MARTINEZ SECO"
"CL","JUAN MARTIN EL EMPECINADO","JUAN MARTIN EL EMPECINADO"
"CL","JUAN PASCUAL","JUAN PASCUAL"
"CL","JUAN PEREZ ALMEIDA","JUAN PEREZ ALMEIDA"
"CL","JUAN PEREZ ZUÑIGA","JUAN PEREZ ZUÑIGA"
"CL","JUAN PORTAS","JUAN PORTAS"
"CL","JUAN SALAS","JUAN SALAS"
"CL","JUAN SANCHEZ","JUAN SANCHEZ"
"CL","JUAN TORNERO","JUAN TORNERO"
"CL","JUAN ZOFIO","JUAN ZOFIO"
"CL","JUANA UROSA","JUANA UROSA"
"CL","JUANELO","JUANELO"
"CL","JUGLARES","JUGLARES"
"CL","JULIA GARCIA BOUTAN","JULIA GARCIA BOUTAN"
"CL","JULIA MEDIAVILLA","JULIA MEDIAVILLA"
"CL","JULIA SOLA","JULIA SOLA"
"CL","JULIAN CAMARILLO","JULIAN CAMARILLO"
"CL","JULIAN DEL CERRO","JULIAN DEL CERRO"
"CL","JULIAN GAYARRE","JULIAN GAYARRE"
"CL","JULIAN HERNANDEZ","JULIAN HERNANDEZ"
"CL","JULIO ANTONIO","JULIO ANTONIO"
"CL","JULIO CALVO","JULIO CALVO"
"CL","JULIO CASARES","JULIO CASARES"
"CL","JULIO DOMINGO","JULIO DOMINGO"
"CL","JUSTA GARCIA","JUSTA GARCIA"
"CL","LA ADRADA","LA ADRADA"
"CL","LA CENICIENTA","LA CENICIENTA"
"CL","LA DEL MANOJO DE ROSAS","LA DEL MANOJO DE ROSAS"
"CL","LA DEL SOTO DEL PARRAL","LA DEL SOTO DEL PARRAL"
"CL","LA DILIGENCIA","LA DILIGENCIA"
"CL","LA HIRUELA","LA HIRUELA"
"CL","LA PUEBLANUEVA","LA PUEBLANUEVA"
"CL","LA REINA DE AFRICA","LA REINA DE AFRICA"
"CL","LA VIOLETERA","LA VIOLETERA"
"CL","LABRADOR","LABRADOR"
"CL","LABRADORES","LABRADORES"
"CL","LACOMA","LACOMA"
"CL","LADERA","LADERA"
"CL","LADERA DE LOS ALMENDROS","LADERA DE LOS ALMENDROS"
"CL","LAGASCA","LAGASCA"
"CL","LAGO BALATON","LAGO BALATON"
"CL","LAGO CALAFATE","LAGO CALAFATE"
"CL","LAGO SALADO","LAGO SALADO"
"CL","LAGO VAN","LAGO VAN"
"CL","LAGUNA","LAGUNA"
"CL","LAGUNAS DE NEILA","LAGUNAS DE NEILA"
"CL","LAIN CALVO","LAIN CALVO"
"CL","LARRA","LARRA"
"CL","LATINA","LATINA"
"CL","LAUREL","LAUREL"
"CL","LAVAPIES","LAVAPIES"
"CL","LAVIANA","LAVIANA"
"CL","LEGANITOS","LEGANITOS"
"CL","LEIRIA","LEIRIA"
"CL","LENCEROS","LENCEROS"
"CL","LENGUAS","LENGUAS"
"CL","LEON FELIPE","LEON FELIPE"
"CL","LEON V DE ARMENIA","LEON V DE ARMENIA"
"CL","LEONOR DE LA VEGA","LEONOR DE LA VEGA"
"CL","LEONOR GONGORA","LEONOR GONGORA"
"CL","LERIDA","LERIDA"
"CL","LESACA","LESACA"
"CL","LIBERACION","LIBERACION"
"CL","LIBERTAD","LIBERTAD"
"CL","LILLO","LILLO"
"CL","LIMON","LIMON"
"CL","LIMONERO","LIMONERO"
"CL","LIMONITA","LIMONITA"
"CL","LINNEO","LINNEO"
"CL","LIRA","LIRA"
"CL","LITAGO","LITAGO"
"CL","LLANES","LLANES"
"CL","LLANOS DE ESCUDERO","LLANOS DE ESCUDERO"
"CL","LLANSA","LLANSA"
"CL","LOGROSAN","LOGROSAN"
"CL","LOMAS DE HORCAJO","LOMAS DE HORCAJO"
"CL","LONDRES","LONDRES"
"CL","LONGARES","LONGARES"
"CL","LOPE DE HARO","LOPE DE HARO"
"CL","LOPE DE RUEDA","LOPE DE RUEDA"
"CL","LOPEZ DE HOYOS","LOPEZ DE HOYOS"
"CL","LOPEZ GRASS","LOPEZ GRASS"
"CL","LOPEZ RECUERO","LOPEZ RECUERO"
"CL","LOPEZ SILVA","LOPEZ SILVA"
"CL","LORCA","LORCA"
"CL","LORENZANA","LORENZANA"
"CL","LUCANO","LUCANO"
"CL","LUCAS MALLADA","LUCAS MALLADA"
"CL","LUCERO","LUCERO"
"CL","LUIS CABRERA","LUIS CABRERA"
"CL","LUIS CLAUDIO","LUIS CLAUDIO"
"CL","LUIS DE HOYOS SAINZ","LUIS DE HOYOS SAINZ"
"CL","LUIS DE LA TORRE","LUIS DE LA TORRE"
"CL","LUIS DE ORO","LUIS DE ORO"
"CL","LUIS DE SALAZAR","LUIS DE SALAZAR"
"CL","LUIS DOMINGO","LUIS DOMINGO"
"CL","LUIS MITJANS","LUIS MITJANS"
"CL","LUIS PIERNAS","LUIS PIERNAS"
"CL","LUIS RUIZ","LUIS RUIZ"
"CL","LUIS VELEZ DE GUEVARA","LUIS VELEZ DE GUEVARA"
"CL","LUMBRALES","LUMBRALES"
"CL","LUNA","LUNA"
"CL","LURUACO","LURUACO"
"CL","LYON","LYON"
"CL","MACHAQUITO","MACHAQUITO"
"CL","MADRE CELESTE","MADRE CELESTE"
"CL","MADRESELVA","MADRESELVA"
"CL","MADRIDEJOS","MADRIDEJOS"
"CL","MAESTRO ALONSO","MAESTRO ALONSO"
"CL","MAESTRO GURIDI","MAESTRO GURIDI"
"CL","MAGDALENA","MAGDALENA"
"CL","MAGNESIA","MAGNESIA"
"CL","MAGNOLIAS","MAGNOLIAS"
"CL","MAIZ","MAIZ"
"CL","MALAGON","MALAGON"
"CL","MALCAMPO","MALCAMPO"
"CL","MANCO DE LEPANTO","MANCO DE LEPANTO"
"CL","MANISES","MANISES"
"CL","MANIZALES","MANIZALES"
"CL","MANOLA Y ROSARIO","MANOLA Y ROSARIO"
"CL","MANTUANO","MANTUANO"
"CL","MANUEL ALEIXANDRE","MANUEL ALEIXANDRE"
"CL","MANUEL CANO","MANUEL CANO"
"CL","MANUEL FERRERO","MANUEL FERRERO"
"CL","MANUEL GARCIA","MANUEL GARCIA"
"CL","MANUEL LAGUNA","MANUEL LAGUNA"
"CL","MANUEL LAMELA","MANUEL LAMELA"
"CL","MANUEL MAROTO","MANUEL MAROTO"
"CL","MANUEL NOGUEIRO","MANUEL NOGUEIRO"
"CL","MANUEL NOYA","MANUEL NOYA"
"CL","MANUEL SARRION","MANUEL SARRION"
"CL","MANUEL URIBE","MANUEL URIBE"
"CL","MANUELA MALASAÑA","MANUELA MALASAÑA"
"CL","MANUELA MINGUEZ","MANUELA MINGUEZ"
"CL","MAQUEDA","MAQUEDA"
"CL","MAQUINILLA","MAQUINILLA"
"CL","MAR DE BERING","MAR DE BERING"
"CL","MAR DE LA SONDA","MAR DE LA SONDA"
"CL","MAR MENOR","MAR MENOR"
"CL","MARCELINA","MARCELINA"
"CL","MARCELINO ALVAREZ","MARCELINO ALVAREZ"
"CL","MARCELINO ROA VAZQUEZ","MARCELINO ROA VAZQUEZ"
"CL","MARCELO USERA","MARCELO USERA"
"CL","MARCENADO","MARCENADO"
"CL","MARCHAMALO","MARCHAMALO"
"CL","MARCOS DE ORUETA","MARCOS DE ORUETA"
"CL","MARCUDOS","MARCUDOS"
"CL","MARGARITAS","MARGARITAS"
"CL","MARIA AUXILIADORA","MARIA AUXILIADORA"
"CL","MARIA BARRIENTOS","MARIA BARRIENTOS"
"CL","MARIA DE MAEZTU","MARIA DE MAEZTU"
"CL","MARIA DE MOLINA","MARIA DE MOLINA"
"CL","MARIA DE PORTUGAL","MARIA DE PORTUGAL"
"CL","MARIA DEL CARMEN","MARIA DEL CARMEN"
"CL","MARIA DOMINGO","MARIA DOMINGO"
"CL","MARIA GUERRERO","MARIA GUERRERO"
"CL","MARIA IGNACIA","MARIA IGNACIA"
"CL","MARIA MARTINEZ","MARIA MARTINEZ"
"CL","MARIA MARTINEZ OVIOL","MARIA MARTINEZ OVIOL"
"CL","MARIA ODIAGA","MARIA ODIAGA"
"CL","MARIA ORUE","MARIA ORUE"
"CL","MARIA PEDRAZA","MARIA PEDRAZA"
"CL","MARIA SEVILLA DIAGO","MARIA SEVILLA DIAGO"
"CL","MARIA TERESA","MARIA TERESA"
"CL","MARIA TERESA LEON","MARIA TERESA LEON"
"CL","MARIA TUDOR","MARIA TUDOR"
"CL","MARIA ZAMBRANO","MARIA ZAMBRANO"
"CL","MARIANO BENLLIURE","MARIANO BENLLIURE"
"CL","MARIANO FERNANDEZ","MARIANO FERNANDEZ"
"CL","MARIANO MATESANZ","MARIANO MATESANZ"
"CL","MARIANO SERRANO","MARIANO SERRANO"
"CL","MARIANO USERA","MARIANO USERA"
"CL","MARIANO VELA","MARIANO VELA"
"CL","MARIBLANCA","MARIBLANCA"
"CL","MARINA LAVANDEIRA","MARINA LAVANDEIRA"
"CL","MARINA USERA","MARINA USERA"
"CL","MARINA VEGA","MARINA VEGA"
"CL","MARIO CABRE","MARIO CABRE"
"CL","MARQUES DE JURA REAL","MARQUES DE JURA REAL"
"CL","MARQUES DE LEIS","MARQUES DE LEIS"
"CL","MARQUES DE LOZOYA","MARQUES DE LOZOYA"
"CL","MARQUES DE MONDEJAR","MARQUES DE MONDEJAR"
"CL","MARQUES DE PICO VELASCO","MARQUES DE PICO VELASCO"
"CL","MARQUES DE SANTA ANA","MARQUES DE SANTA ANA"
"CL","MARQUES DE VIANA","MARQUES DE VIANA"
"CL","MARQUES VIUDO DE PONTEJOS","MARQUES VIUDO DE PONTEJOS"
"CL","MARQUESA DE ARGUESO","MARQUESA DE ARGUESO"
"CL","MARQUESA DE SILVELA","MARQUESA DE SILVELA"
"CL","MARROQUINA","MARROQUINA"
"CL","MARSELLA","MARSELLA"
"CL","MARTELL","MARTELL"
"CL","MARTIN DE LOS HEROS","MARTIN DE LOS HEROS"
"CL","MARTIN DE VARGAS","MARTIN DE VARGAS"
"CL","MARTIN SOLER","MARTIN SOLER"
"CL","MARTINEZ","MARTINEZ"
"CL","MARTINEZ IZQUIERDO","MARTINEZ IZQUIERDO"
"CL","MARTINEZ VILLERGAS","MARTINEZ VILLERGAS"
"CL","MARTIRES DE LA VENTILLA","MARTIRES DE LA VENTILLA"
"CL","MASEDA","MASEDA"
"CL","MATA DEL AGUA","MATA DEL AGUA"
"CL","MATACHEL","MATACHEL"
"CL","MATARO","MATARO"
"CL","MATEO GARCIA","MATEO GARCIA"
"CL","MATILDE DIEZ","MATILDE DIEZ"
"CL","MATILDE HERNANDEZ","MATILDE HERNANDEZ"
"CL","MATILLAS","MATILLAS"
"CL","MAURICIO LEGENDRE","MAURICIO LEGENDRE"
"CL","MAXIMO CARAZO","MAXIMO CARAZO"
"CL","MAYOR","MAYOR"
"CL","MEDIODIA GRANDE","MEDIODIA GRANDE"
"CL","MEJORANA","MEJORANA"
"CL","MELCHOR FERNANDEZ ALMAGRO","MELCHOR FERNANDEZ ALMAGRO"
"CL","MELILLA","MELILLA"
"CL","MELISA","MELISA"
"CL","MENASALBAS","MENASALBAS"
"CL","MENDIVIL","MENDIVIL"
"CL","MENORCA","MENORCA"
"CL","MEQUINENZA","MEQUINENZA"
"CL","MERCEDES","MERCEDES"
"CL","MERCEDES ARTEAGA","MERCEDES ARTEAGA"
"CL","MERCURIO","MERCURIO"
"CL","MESON DE PAREDES","MESON DE PAREDES"
"CL","MESON DE PAÑOS","MESON DE PAÑOS"
"CL","MESTANZA","MESTANZA"
"CL","MIGUEL ARACIL","MIGUEL ARACIL"
"CL","MIGUEL DE LA ROCA","MIGUEL DE LA ROCA"
"CL","MIGUEL SAN NARCISO","MIGUEL SAN NARCISO"
"CL","MIGUEL SOLAS","MIGUEL SOLAS"
"CL","MIJO","MIJO"
"CL","MINAS","MINAS"
"CL","MINERVA","MINERVA"
"CL","MINISTRILES","MINISTRILES"
"CL","MIRA EL SOL","MIRA EL SOL"
"CL","MIRABEL","MIRABEL"
"CL","MIRAMADRID","MIRAMADRID"
"CL","MIRANDA DE ARGA","MIRANDA DE ARGA"
"CL","MIRASIERRA","MIRASIERRA"
"CL","MISTERIOS","MISTERIOS"
"CL","MODISTAS","MODISTAS"
"CL","MOGAMBO","MOGAMBO"
"CL","MOJACAR","MOJACAR"
"CL","MOLINA","MOLINA"
"CL","MOLINO VIEJO","MOLINO VIEJO"
"CL","MOLINS DE REY","MOLINS DE REY"
"CL","MONASTERIOS SUSO Y YUSO","MONASTERIOS SUSO Y YUSO"
"CL","MONCADA","MONCADA"
"CL","MONEDEROS","MONEDEROS"
"CL","MONSALUPE","MONSALUPE"
"CL","MONSEÑOR OSCAR ROMERO","MONSEÑOR OSCAR ROMERO"
"CL","MONTALBOS","MONTALBOS"
"CL","MONTE CALOBRO","MONTE CALOBRO"
"CL","MONTE NARANCO","MONTE NARANCO"
"CL","MONTE OLIVETTI","MONTE OLIVETTI"
"CL","MONTE PERDIDO","MONTE PERDIDO"
"CL","MONTE SANTO","MONTE SANTO"
"CL","MONTE URGULL","MONTE URGULL"
"CL","MONTEJURRA","MONTEJURRA"
"CL","MONTELEON","MONTELEON"
"CL","MONTERA","MONTERA"
"CL","MONTEROS","MONTEROS"
"CL","MONTES DE BARBANZA","MONTES DE BARBANZA"
"CL","MONTES DE TOLEDO","MONTES DE TOLEDO"
"CL","MONTESA","MONTESA"
"CL","MONTSENY","MONTSENY"
"CL","MONTSERRAT","MONTSERRAT"
"CL","MORALES","MORALES"
"CL","MORAS","MORAS"
"CL","MORATILLA DE HENARES","MORATILLA DE HENARES"
"CL","MORATINES","MORATINES"
"CL","MORENES ARTEAGA","MORENES ARTEAGA"
"CL","MORENO","MORENO"
"CL","MORETO","MORETO"
"CL","MOTA DEL CUERVO","MOTA DEL CUERVO"
"CL","MOZART","MOZART"
"CL","MUDELA","MUDELA"
"CL","MUELA DE SAN JUAN","MUELA DE SAN JUAN"
"CL","MULLER","MULLER"
"CL","MURCIA","MURCIA"
"CL","MURO","MURO"
"CL","MUSAS","MUSAS"
"CL","NAJERA","NAJERA"
"CL","NANCLARES DE OCA","NANCLARES DE OCA"
"CL","NARANJO","NARANJO"
"CL","NARVAEZ","NARVAEZ"
"CL","NAVALMORAL DE LA MATA","NAVALMORAL DE LA MATA"
"CL","NAVARRA","NAVARRA"
"CL","NAVAS","NAVAS"
"CL","NAVAS DEL REY","NAVAS DEL REY"
"CL","NAVASCUES","NAVASCUES"
"CL","NAVES","NAVES"
"CL","NAVIA","NAVIA"
"CL","NECTAR","NECTAR"
"CL","NEGUILLA","NEGUILLA"
"CL","NENUFAR","NENUFAR"
"CL","NEREIDA","NEREIDA"
"CL","NICARAGUA","NICARAGUA"
"CL","NICETO ALCALA ZAMORA","NICETO ALCALA ZAMORA"
"CL","NICOLAS GODOY","NICOLAS GODOY"
"CL","NICOLAS SALMERON","NICOLAS SALMERON"
"CL","NICOLAS SANCHEZ","NICOLAS SANCHEZ"
"CL","NICOLASA GOMEZ","NICOLASA GOMEZ"
"CL","NUESTRA SEÑORA DE ARACELI","NUESTRA SEÑORA DE ARACELI"
"CL","NUESTRA SEÑORA DE LA LUZ","NUESTRA SEÑORA DE LA LUZ"
"CL","NUESTRA SEÑORA DEL CARMEN","NUESTRA SEÑORA DEL CARMEN"
"CL","NUESTRA SEÑORA DEL VILLAR","NUESTRA SEÑORA DEL VILLAR"
"CL","NUEVE","NUEVE"
"CL","NUMANCIA","NUMANCIA"
"CL","NUÑEZ DE ARCE","NUÑEZ DE ARCE"
"CL","NUÑEZ DE BALBOA","NUÑEZ DE BALBOA"
"CL","NUÑEZ MORGADO","NUÑEZ MORGADO"
"CL","NUÑO GOMEZ","NUÑO GOMEZ"
"CL","OASIS","OASIS"
"CL","OBANOS","OBANOS"
"CL","OBOLO","OBOLO"
"CL","OCA","OCA"
"CL","OCAÑA","OCAÑA"
"CL","OCHAGAVIA","OCHAGAVIA"
"CL","OFELIA NIETO","OFELIA NIETO"
"CL","OLIANA","OLIANA"
"CL","OLIGISTO","OLIGISTO"
"CL","OLITE","OLITE"
"CL","OLIVAR","OLIVAR"
"CL","OLIVILLO","OLIVILLO"
"CL","OLMO","OLMO"
"CL","OLVIDO","OLVIDO"
"CL","OMEGA","OMEGA"
"CL","ONCE","ONCE"
"CL","ONIL","ONIL"
"CL","ONTANILLA","ONTANILLA"
"CL","OPON","OPON"
"CL","ORDICIA","ORDICIA"
"CL","ORDOÑEZ","ORDOÑEZ"
"CL","OREJA","OREJA"
"CL","ORENSE","ORENSE"
"CL","ORFEBRERIA","ORFEBRERIA"
"CL","ORGAZ","ORGAZ"
"CL","ORIENTE","ORIENTE"
"CL","ORIO","ORIO"
"CL","ORO","ORO"
"CL","ORTIZ CAMPOS","ORTIZ CAMPOS"
"CL","OSLO","OSLO"
"CL","OSO","OSO"
"CL","OTERO","OTERO"
"CL","OUDRID","OUDRID"
"CL","OVIEDO","OVIEDO"
"CL","OÑA","OÑA"
"CL","PABLO LAFARGUE","PABLO LAFARGUE"
"CL","PABLO LUNA","PABLO LUNA"
"CL","PABLO SARASATE","PABLO SARASATE"
"CL","PABLO SERRANO","PABLO SERRANO"
"CL","PACORRO","PACORRO"
"CL","PADILLA","PADILLA"
"CL","PADORNELO","PADORNELO"
"CL","PADRE AMIGO","PADRE AMIGO"
"CL","PADRE CLARET","PADRE CLARET"
"CL","PADRE INDALECIO HERNANDEZ","PADRE INDALECIO HERNANDEZ"
"CL","PADRE OLTRA","PADRE OLTRA"
"CL","PADRE RUBIO","PADRE RUBIO"
"CL","PADRE XIFRE","PADRE XIFRE"
"CL","PADUL","PADUL"
"CL","PAJARERA REAL","PAJARERA REAL"
"CL","PAJARITOS","PAJARITOS"
"CL","PALAMOS","PALAMOS"
"CL","PALAU DE LA MUSICA","PALAU DE LA MUSICA"
"CL","PALAZUELOS","PALAZUELOS"
"CL","PALENCIA","PALENCIA"
"CL","PALMA","PALMA"
"CL","PALMERA","PALMERA"
"CL","PALOMA","PALOMA"
"CL","PALOMARES","PALOMARES"
"CL","PALOMERAS","PALOMERAS"
"CL","PALOS DE LA FRONTERA","PALOS DE LA FRONTERA"
"CL","PAMPLONA","PAMPLONA"
"CL","PAN Y TOROS","PAN Y TOROS"
"CL","PANDO","PANDO"
"CL","PANIZO","PANIZO"
"CL","PANTOJA","PANTOJA"
"CL","PARAMENTO","PARAMENTO"
"CL","PARQUE DE LA PALOMA","PARQUE DE LA PALOMA"
"CL","PARQUE EUGENIA DE MONTIJO","PARQUE EUGENIA DE MONTIJO"
"CL","PARRA","PARRA"
"CL","PARROCO EUSEBIO CUENCA","PARROCO EUSEBIO CUENCA"
"CL","PARROCO JULIO MORATE","PARROCO JULIO MORATE"
"CL","PASCUAL RODRIGUEZ","PASCUAL RODRIGUEZ"
"CL","PASTOR MURIEL","PASTOR MURIEL"
"CL","PASTRANA","PASTRANA"
"CL","PATERNA","PATERNA"
"CL","PATIO DE LA LITOGRAFIA","PATIO DE LA LITOGRAFIA"
"CL","PATIO DE SANTIAGO","PATIO DE SANTIAGO"
"CL","PAULA DE LA VEGA","PAULA DE LA VEGA"
"CL","PAYASO FOFO","PAYASO FOFO"
"CL","PEDRO ALONSO","PEDRO ALONSO"
"CL","PEDRO ANTONIO DE ALARCON","PEDRO ANTONIO DE ALARCON"
"CL","PEDRO DOMINGO","PEDRO DOMINGO"
"CL","PEDRO HEREDIA","PEDRO HEREDIA"
"CL","PEDRO LABORDE","PEDRO LABORDE"
"CL","PEDRO MARTINEZ","PEDRO MARTINEZ"
"CL","PEDRO MEDRANO","PEDRO MEDRANO"
"CL","PEDRO ROGEL","PEDRO ROGEL"
"CL","PEDRO TEIXEIRA","PEDRO TEIXEIRA"
"CL","PEDRO TEZANO","PEDRO TEZANO"
"CL","PEDROÑERAS","PEDROÑERAS"
"CL","PEIRONCELY","PEIRONCELY"
"CL","PELAYO","PELAYO"
"CL","PELICANO","PELICANO"
"CL","PELOPONESO","PELOPONESO"
"CL","PENSAMIENTO","PENSAMIENTO"
"CL","PEPE ISBERT","PEPE ISBERT"
"CL","PEREZ AYUSO","PEREZ AYUSO"
"CL","PERGAMINO","PERGAMINO"
"CL","PERIANA","PERIANA"
"CL","PERICLES","PERICLES"
"CL","PERPETUA DIAZ","PERPETUA DIAZ"
"CL","PERSUASION","PERSUASION"
"CL","PERUCHOS","PERUCHOS"
"CL","PESCARA","PESCARA"
"CL","PESO HISPANO","PESO HISPANO"
"CL","PETROLEO","PETROLEO"
"CL","PEZ","PEZ"
"CL","PEZ VOLADOR","PEZ VOLADOR"
"CL","PEÑA AMBOTE","PEÑA AMBOTE"
"CL","PEÑA CERREDO","PEÑA CERREDO"
"CL","PEÑA CERVERA","PEÑA CERVERA"
"CL","PEÑA DE FRANCIA","PEÑA DE FRANCIA"
"CL","PEÑA DE LA ATALAYA","PEÑA DE LA ATALAYA"
"CL","PEÑA DE VARGAS","PEÑA DE VARGAS"
"CL","PEÑA GORBEA","PEÑA GORBEA"
"CL","PEÑA NUEVA","PEÑA NUEVA"
"CL","PEÑA RIVERA","PEÑA RIVERA"
"CL","PEÑARANDA DE BRACAMONTE","PEÑARANDA DE BRACAMONTE"
"CL","PEÑUELAS","PEÑUELAS"
"CL","PIAMONTE","PIAMONTE"
"CL","PICAZA","PICAZA"
"CL","PICO ALMANZOR","PICO ALMANZOR"
"CL","PICO ARTILLEROS","PICO ARTILLEROS"
"CL","PICO BALAITUS","PICO BALAITUS"
"CL","PICO CEJO","PICO CEJO"
"CL","PICO DE LA BRUJULA","PICO DE LA BRUJULA"
"CL","PICO ESPIGUETE","PICO ESPIGUETE"
"CL","PICO JAVALON","PICO JAVALON"
"CL","PICO MONTANCHEZ","PICO MONTANCHEZ"
"CL","PICOS DE EUROPA","PICOS DE EUROPA"
"CL","PIEDRAHITA","PIEDRAHITA"
"CL","PILAR DE ZARAGOZA","PILAR DE ZARAGOZA"
"CL","PILAR LORENGAR","PILAR LORENGAR"
"CL","PILARICA","PILARICA"
"CL","PILEO","PILEO"
"CL","PINAR DE SAN JOSE","PINAR DE SAN JOSE"
"CL","PINAR DEL REY","PINAR DEL REY"
"CL","PINILLAS","PINILLAS"
"CL","PINOS ALTA","PINOS ALTA"
"CL","PINOS BAJA","PINOS BAJA"
"CL","PINTOR ANTONIO SAURA","PINTOR ANTONIO SAURA"
"CL","PINTOR JUAN GRIS","PINTOR JUAN GRIS"
"CL","PINTOR RIBERA","PINTOR RIBERA"
"CL","PINZON","PINZON"
"CL","PIO BAROJA","PIO BAROJA"
"CL","PIO FELIPE","PIO FELIPE"
"CL","PIRITA","PIRITA"
"CL","PIRRA","PIRRA"
"CL","PIÑA","PIÑA"
"CL","PLATANO","PLATANO"
"CL","PLATINO","PLATINO"
"CL","PLAYA DE LA CALETA","PLAYA DE LA CALETA"
"CL","PLOMO","PLOMO"
"CL","PLUS ULTRA","PLUS ULTRA"
"CL","POBLADURA DEL VALLE","POBLADURA DEL VALLE"
"CL","POLAN","POLAN"
"CL","POLVORANCA","POLVORANCA"
"CL","PONCIANO","PONCIANO"
"CL","PONFERRADA","PONFERRADA"
"CL","PONT DE MOLINS","PONT DE MOLINS"
"CL","PORFIRIO","PORFIRIO"
"CL","PORTALEGRE","PORTALEGRE"
"CL","PORTUGALETE","PORTUGALETE"
"CL","PORVENIR","PORVENIR"
"CL","POSTAL","POSTAL"
"CL","POSTDAM","POSTDAM"
"CL","POTASA","POTASA"
"CL","POTOSI","POTOSI"
"CL","POVEDILLA","POVEDILLA"
"CL","POZA DE LA SAL","POZA DE LA SAL"
"CL","POZAS","POZAS"
"CL","POZOBLANCO","POZOBLANCO"
"CL","PRADENA DEL RINCON","PRADENA DEL RINCON"
"CL","PRADILLO","PRADILLO"
"CL","PRIEGO","PRIEGO"
"CL","PRIMAVERA","PRIMAVERA"
"CL","PRIMERO DE OCTUBRE","PRIMERO DE OCTUBRE"
"CL","PRIMITIVA GAÑAN","PRIMITIVA GAÑAN"
"CL","PRINCESA","PRINCESA"
"CL","PRINCESA DE EBOLI","PRINCESA DE EBOLI"
"CL","PRINCIPAL","PRINCIPAL"
"CL","PRINCIPE","PRINCIPE"
"CL","PRINCIPE DE VERGARA","PRINCIPE DE VERGARA"
"CL","PROGRESO","PROGRESO"
"CL","PROTOGINA","PROTOGINA"
"CL","PROVISIONES","PROVISIONES"
"CL","PRUDENCIO ALVARO","PRUDENCIO ALVARO"
"CL","PUEBLA","PUEBLA"
"CL","PUEBLA DE MONTALBAN","PUEBLA DE MONTALBAN"
"CL","PUEBLA DE SANABRIA","PUEBLA DE SANABRIA"
"CL","PUENTEAREAS","PUENTEAREAS"
"CL","PUENTECESURES","PUENTECESURES"
"CL","PUENTECILLO","PUENTECILLO"
"CL","PUENTEDEUME","PUENTEDEUME"
"CL","PUENTEDEY","PUENTEDEY"
"CL","PUENTELARRA","PUENTELARRA"
"CL","PUERTO ALTO","PUERTO ALTO"
"CL","PUERTO DE ALAZORES","PUERTO DE ALAZORES"
"CL","PUERTO DE ALMANSA","PUERTO DE ALMANSA"
"CL","PUERTO DE ARLABAN","PUERTO DE ARLABAN"
"CL","PUERTO DE BENASQUE","PUERTO DE BENASQUE"
"CL","PUERTO DE CANENCIA","PUERTO DE CANENCIA"
"CL","PUERTO DE GALAPAGAR","PUERTO DE GALAPAGAR"
"CL","PUERTO DE LA MORCUERA","PUERTO DE LA MORCUERA"
"CL","PUERTO DE LUMBRERAS","PUERTO DE LUMBRERAS"
"CL","PUERTO DE MADERI","PUERTO DE MADERI"
"CL","PUERTO DE MASPALOMAS","PUERTO DE MASPALOMAS"
"CL","PUERTO DE MIRAVETE","PUERTO DE MIRAVETE"
"CL","PUERTO DE NAVACERRADA","PUERTO DE NAVACERRADA"
"CL","PUERTO DE PIEDRAFITA","PUERTO DE PIEDRAFITA"
"CL","PUERTO DE POZAZAL","PUERTO DE POZAZAL"
"CL","PUERTO DE SUEBE","PUERTO DE SUEBE"
"CL","PUERTO DE VELATE","PUERTO DE VELATE"
"CL","PUERTO DEL BRUCH","PUERTO DEL BRUCH"
"CL","PUERTO DEL ESCUDO","PUERTO DEL ESCUDO"
"CL","PUERTO DEL PICO","PUERTO DEL PICO"
"CL","PUERTO RICO","PUERTO RICO"
"CL","PUERTOLLANO","PUERTOLLANO"
"CL","QUERO","QUERO"
"CL","QUIJADA DE PANDIELLOS","QUIJADA DE PANDIELLOS"
"CL","QUINTANA","QUINTANA"
"CL","QUINTILIANO","QUINTILIANO"
"CL","QUIÑONES","QUIÑONES"
"CL","RABE DE LAS CALZADAS","RABE DE LAS CALZADAS"
"CL","RADIO","RADIO"
"CL","RAFAEL BERGAMIN","RAFAEL BERGAMIN"
"CL","RAFAEL DE RIEGO","RAFAEL DE RIEGO"
"CL","RAFAEL FERNANDEZ HIJICOS","RAFAEL FERNANDEZ HIJICOS"
"CL","RAFAEL FINAT","RAFAEL FINAT"
"CL","RAFAEL HERRERA","RAFAEL HERRERA"
"CL","RAFAEL HERRERO","RAFAEL HERRERO"
"CL","RAFAEL LOPEZ PANDO","RAFAEL LOPEZ PANDO"
"CL","RAFAEL VEGA","RAFAEL VEGA"
"CL","RAFAELA APARICIO","RAFAELA APARICIO"
"CL","RAMIREZ DE PRADO","RAMIREZ DE PRADO"
"CL","RAMIREZ TOME","RAMIREZ TOME"
"CL","RAMIRO DE MOLINA","RAMIRO DE MOLINA"
"CL","RAMON AZORIN","RAMON AZORIN"
"CL","RAMON CALABUIG","RAMON CALABUIG"
"CL","RAMON GOMEZ DE LA SERNA","RAMON GOMEZ DE LA SERNA"
"CL","RAMON LUJAN","RAMON LUJAN"
"CL","RAMON PATUEL","RAMON PATUEL"
"CL","RAMON PEREZ DE AYALA","RAMON PEREZ DE AYALA"
"CL","RAMON PULIDO","RAMON PULIDO"
"CL","RAMON SAINZ","RAMON SAINZ"
"CL","RAMON SERRANO","RAMON SERRANO"
"CL","RAYA","RAYA"
"CL","REAL BETIS","REAL BETIS"
"CL","REAL DE ARGANDA","REAL DE ARGANDA"
"CL","REAL MADRID","REAL MADRID"
"CL","RECESVINTO","RECESVINTO"
"CL","REGIL","REGIL"
"CL","REINA MERCEDES","REINA MERCEDES"
"CL","RELATORES","RELATORES"
"CL","REPUBLICA CHECA","REPUBLICA CHECA"
"CL","RETRASOS","RETRASOS"
"CL","REVOLTOSA","REVOLTOSA"
"CL","REYES AIZQUIBEL","REYES AIZQUIBEL"
"CL","RIAZA","RIAZA"
"CL","RIBADAVIA","RIBADAVIA"
"CL","RIBERA DE CURTIDORES","RIBERA DE CURTIDORES"
"CL","RIBERA DEL MANZANARES","RIBERA DEL MANZANARES"
"CL","RICARDO GUTIERREZ","RICARDO GUTIERREZ"
"CL","RICARDO ORTIZ","RICARDO ORTIZ"
"CL","RINCON DE LA SOLANA","RINCON DE LA SOLANA"
"CL","RINCON DE LA VICTORIA","RINCON DE LA VICTORIA"
"CL","RIO ARAUCA","RIO ARAUCA"
"CL","RIO BRAVO","RIO BRAVO"
"CL","RIO DE ORO","RIO DE ORO"
"CL","RIO IGUAZU","RIO IGUAZU"
"CL","RIO JACUI","RIO JACUI"
"CL","RIO NERVION","RIO NERVION"
"CL","RIO ORINOCO","RIO ORINOCO"
"CL","RIO SAN LORENZO","RIO SAN LORENZO"
"CL","RIOCABADO","RIOCABADO"
"CL","RIOJANOS","RIOJANOS"
"CL","RISCO DE PELOCHE","RISCO DE PELOCHE"
"CL","RITA LUNA","RITA LUNA"
"CL","ROA","ROA"
"CL","ROBLEDO","ROBLEDO"
"CL","ROCAFORT","ROCAFORT"
"CL","RODAS","RODAS"
"CL","RODRIGUEZ ESPINOSA","RODRIGUEZ ESPINOSA"
"CL","RODRIGUEZ VEGA","RODRIGUEZ VEGA"
"CL","ROGELIO FOLGUERAS","ROGELIO FOLGUERAS"
"CL","ROGELIO MUÑOZ","ROGELIO MUÑOZ"
"CL","ROMAN ALONSO","ROMAN ALONSO"
"CL","ROSA DE SILVA","ROSA DE SILVA"
"CL","ROSALIA DE CASTRO","ROSALIA DE CASTRO"
"CL","ROSALIA TRUJILLO","ROSALIA TRUJILLO"
"CL","ROSARIO","ROSARIO"
"CL","ROSARIO ROMERO","ROSARIO ROMERO"
"CL","ROZAS DE PUERTO REAL","ROZAS DE PUERTO REAL"
"CL","RUDA","RUDA"
"CL","RUEZA","RUEZA"
"CL","RUFINO REJON","RUFINO REJON"
"CL","RUIZ","RUIZ"
"CL","RUIZ OCAÑA","RUIZ OCAÑA"
"CL","RUMANIA","RUMANIA"
"CL","RUTILO","RUTILO"
"CL","SAAVEDRA FAJARDO","SAAVEDRA FAJARDO"
"CL","SABADELL","SABADELL"
"CL","SABANERO","SABANERO"
"CL","SACRIFICIO","SACRIFICIO"
"CL","SAGRADOS CORAZONES","SAGRADOS CORAZONES"
"CL","SAHARA","SAHARA"
"CL","SAJONIA","SAJONIA"
"CL","SALAMANCA","SALAMANCA"
"CL","SALAS DE BARBADILLO","SALAS DE BARBADILLO"
"CL","SALIENTE","SALIENTE"
"CL","SALITRE","SALITRE"
"CL","SALLABERRY","SALLABERRY"
"CL","SALORINO","SALORINO"
"CL","SALSIPUEDES","SALSIPUEDES"
"CL","SALVADOR ALLENDE","SALVADOR ALLENDE"
"CL","SALVADOR ALONSO","SALVADOR ALONSO"
"CL","SALVADOR DE MADARIAGA","SALVADOR DE MADARIAGA"
"CL","SALVADOR DEL MUNDO","SALVADOR DEL MUNDO"
"CL","SALVADOR MARTINEZ LOZANO","SALVADOR MARTINEZ LOZANO"
"CL","SAMANIEGO","SAMANIEGO"
"CL","SAMBARA","SAMBARA"
"CL","SAN AGAPITO","SAN AGAPITO"
"CL","SAN ALEJANDRO","SAN ALEJANDRO"
"CL","SAN AMBROSIO","SAN AMBROSIO"
"CL","SAN AQUILINO","SAN AQUILINO"
"CL","SAN BASILIO","SAN BASILIO"
"CL","SAN BENITO","SAN BENITO"
"CL","SAN BERNABE","SAN BERNABE"
"CL","SAN BERNARDO","SAN BERNARDO"
"CL","SAN BUENAVENTURA","SAN BUENAVENTURA"
"CL","SAN CANDIDO","SAN CANDIDO"
"CL","SAN CARLOS","SAN CARLOS"
"CL","SAN CIPRIANO","SAN CIPRIANO"
"CL","SAN CIRIACO","SAN CIRIACO"
"CL","SAN CIRILO","SAN CIRILO"
"CL","SAN CLAUDIO","SAN CLAUDIO"
"CL","SAN CONRADO","SAN CONRADO"
"CL","SAN COSME Y SAN DAMIAN","SAN COSME Y SAN DAMIAN"
"CL","SAN CRISPIN","SAN CRISPIN"
"CL","SAN DACIO","SAN DACIO"
"CL","SAN DELFIN","SAN DELFIN"
"CL","SAN DEOGRACIAS","SAN DEOGRACIAS"
"CL","SAN DIMAS","SAN DIMAS"
"CL","SAN DONATO","SAN DONATO"
"CL","SAN EMILIO","SAN EMILIO"
"CL","SAN FELIPE","SAN FELIPE"
"CL","SAN FILEMON","SAN FILEMON"
"CL","SAN FLORENCIO","SAN FLORENCIO"
"CL","SAN FORTUNATO","SAN FORTUNATO"
"CL","SAN FROILAN","SAN FROILAN"
"CL","SAN FRUTOS","SAN FRUTOS"
"CL","SAN GERARDO","SAN GERARDO"
"CL","SAN GRACIANO","SAN GRACIANO"
"CL","SAN HERCULANO","SAN HERCULANO"
"CL","SAN HERMENEGILDO","SAN HERMENEGILDO"
"CL","SAN ISIDORO DE SEVILLA","SAN ISIDORO DE SEVILLA"
"CL","SAN JAIME","SAN JAIME"
"CL","SAN JOAQUIN","SAN JOAQUIN"
"CL","SAN JUAN DE LA CUESTA","SAN JUAN DE LA CUESTA"
"CL","SAN JUAN DE MATA","SAN JUAN DE MATA"
"CL","SAN JUAN DE ORTEGA","SAN JUAN DE ORTEGA"
"CL","SAN LAMBERTO","SAN LAMBERTO"
"CL","SAN LEOPOLDO","SAN LEOPOLDO"
"CL","SAN LUCIANO","SAN LUCIANO"
"CL","SAN MAGIN","SAN MAGIN"
"CL","SAN MARCELO","SAN MARCELO"
"CL","SAN MARCOS","SAN MARCOS"
"CL","SAN MARIANO","SAN MARIANO"
"CL","SAN MARIO","SAN MARIO"
"CL","SAN MARTIN DE PORRES","SAN MARTIN DE PORRES"
"CL","SAN MAXIMILIANO","SAN MAXIMILIANO"
"CL","SAN MAXIMO","SAN MAXIMO"
"CL","SAN MODESTO","SAN MODESTO"
"CL","SAN MOISES","SAN MOISES"
"CL","SAN OLEGARIO","SAN OLEGARIO"
"CL","SAN PATRICIO","SAN PATRICIO"
"CL","SAN PEDRO","SAN PEDRO"
"CL","SAN PEDRO DE CARDEÑA","SAN PEDRO DE CARDEÑA"
"CL","SAN RAIMUNDO","SAN RAIMUNDO"
"CL","SAN REMIGIO","SAN REMIGIO"
"CL","SAN RESTITUTO","SAN RESTITUTO"
"CL","SAN ROGELIO","SAN ROGELIO"
"CL","SAN ROMAN DEL VALLE","SAN ROMAN DEL VALLE"
"CL","SAN ROMUALDO","SAN ROMUALDO"
"CL","SAN ROQUE","SAN ROQUE"
"CL","SAN RUFO","SAN RUFO"
"CL","SAN SECUNDINO","SAN SECUNDINO"
"CL","SAN SERAPIO","SAN SERAPIO"
"CL","SAN TELESFORO","SAN TELESFORO"
"CL","SAN TIMOTEO","SAN TIMOTEO"
"CL","SAN VALENTIN","SAN VALENTIN"
"CL","SAN VALERIANO","SAN VALERIANO"
"CL","SAN VENANCIO","SAN VENANCIO"
"CL","SAN VICENTE FERRER","SAN VICENTE FERRER"
"CL","SAN VICTORINO","SAN VICTORINO"
"CL","SAN VIDAL","SAN VIDAL"
"CL","SANCHEZ BARCAIZTEGUI","SANCHEZ BARCAIZTEGUI"
"CL","SANCHEZ PACHECO","SANCHEZ PACHECO"
"CL","SANCHEZ PRECIADO","SANCHEZ PRECIADO"
"CL","SANCHIDRIAN","SANCHIDRIAN"
"CL","SANCHO DAVILA","SANCHO DAVILA"
"CL","SANCHORREJA","SANCHORREJA"
"CL","SANDALIO LOPEZ","SANDALIO LOPEZ"
"CL","SANGENJO","SANGENJO"
"CL","SANLUCAR DE BARRAMEDA","SANLUCAR DE BARRAMEDA"
"CL","SANTA ADELA","SANTA ADELA"
"CL","SANTA ALICIA","SANTA ALICIA"
"CL","SANTA ANA","SANTA ANA"
"CL","SANTA ANA BAJA","SANTA ANA BAJA"
"CL","SANTA AUREA","SANTA AUREA"
"CL","SANTA BRIGIDA","SANTA BRIGIDA"
"CL","SANTA CASILDA","SANTA CASILDA"
"CL","SANTA CATALINA DE LABOURE","SANTA CATALINA DE LABOURE"
"CL","SANTA COMBA","SANTA COMBA"
"CL","SANTA CRUZ DE MUDELA","SANTA CRUZ DE MUDELA"
"CL","SANTA CRUZ DE RETAMAR","SANTA CRUZ DE RETAMAR"
"CL","SANTA FE","SANTA FE"
"CL","SANTA FELICIDAD","SANTA FELICIDAD"
"CL","SANTA GENOVEVA","SANTA GENOVEVA"
"CL","SANTA HORTENSIA","SANTA HORTENSIA"
"CL","SANTA INES","SANTA INES"
"CL","SANTA JULIA","SANTA JULIA"
"CL","SANTA JULIANA","SANTA JULIANA"
"CL","SANTA MARIA","SANTA MARIA"
"CL","SANTA MARIA DE LA ALAMEDA","SANTA MARIA DE LA ALAMEDA"
"CL","SANTA MARIA DEL MAR","SANTA MARIA DEL MAR"
"CL","SANTA MARIA REINA","SANTA MARIA REINA"
"CL","SANTA MARIA SALOME","SANTA MARIA SALOME"
"CL","SANTA POLA","SANTA POLA"
"CL","SANTA PRISCA","SANTA PRISCA"
"CL","SANTA SUSANA","SANTA SUSANA"
"CL","SANTA VIRGILIA","SANTA VIRGILIA"
"CL","SANTIAGO","SANTIAGO"
"CL","SANTIAGO ALIO","SANTIAGO ALIO"
"CL","SANTIAGO DE COMPOSTELA","SANTIAGO DE COMPOSTELA"
"CL","SANTILLANA DEL MAR","SANTILLANA DEL MAR"
"CL","SANTOVENIA","SANTOVENIA"
"CL","SANTOÑA","SANTOÑA"
"CL","SANTURCE","SANTURCE"
"CL","SARGENTO BARRIGA","SARGENTO BARRIGA"
"CL","SARRIA","SARRIA"
"CL","SASTRES","SASTRES"
"CL","SATURNINO TEJERA","SATURNINO TEJERA"
"CL","SATURNO","SATURNO"
"CL","SAUZAL","SAUZAL"
"CL","SECOYA","SECOYA"
"CL","SEDANO","SEDANO"
"CL","SEGOVIA","SEGOVIA"
"CL","SEPULVEDA","SEPULVEDA"
"CL","SERENA","SERENA"
"CL","SERRADILLA","SERRADILLA"
"CL","SERRANO ANGUITA","SERRANO ANGUITA"
"CL","SERVANDO BATANERO","SERVANDO BATANERO"
"CL","SERVATOR","SERVATOR"
"CL","SESEÑA","SESEÑA"
"CL","SEVERINO AZNAR EMBID","SEVERINO AZNAR EMBID"
"CL","SICILIA","SICILIA"
"CL","SIDERURGIA","SIDERURGIA"
"CL","SIENA","SIENA"
"CL","SIERPE","SIERPE"
"CL","SIERRA ALGODONALES","SIERRA ALGODONALES"
"CL","SIERRA BULLONES","SIERRA BULLONES"
"CL","SIERRA CARBONERA","SIERRA CARBONERA"
"CL","SIERRA DE ATAPUERCA","SIERRA DE ATAPUERCA"
"CL","SIERRA DE BOBIA","SIERRA DE BOBIA"
"CL","SIERRA DE CAZALLA","SIERRA DE CAZALLA"
"CL","SIERRA DE CUERDA LARGA","SIERRA DE CUERDA LARGA"
"CL","SIERRA DE GREDOS","SIERRA DE GREDOS"
"CL","SIERRA DE LA ESTRELLA","SIERRA DE LA ESTRELLA"
"CL","SIERRA DE LOS FILABRES","SIERRA DE LOS FILABRES"
"CL","SIERRA DE MEIRA","SIERRA DE MEIRA"
"CL","SIERRA DEL CASTILLO","SIERRA DEL CASTILLO"
"CL","SIERRA DEL TORCAL","SIERRA DEL TORCAL"
"CL","SIERRA DEL VALLE","SIERRA DEL VALLE"
"CL","SIERRA ELVIRA","SIERRA ELVIRA"
"CL","SIERRA ESPUÑA","SIERRA ESPUÑA"
"CL","SIERRA GADOR","SIERRA GADOR"
"CL","SIERRA GORDA","SIERRA GORDA"
"CL","SIERRA MORENA","SIERRA MORENA"
"CL","SIERRA SALVADA","SIERRA SALVADA"
"CL","SIERRA TOLEDANA","SIERRA TOLEDANA"
"CL","SIERRA VIEJA","SIERRA VIEJA"
"CL","SILVANO","SILVANO"
"CL","SILVINA","SILVINA"
"CL","SILVINITA","SILVINITA"
"CL","SILVIO ABAD","SILVIO ABAD"
"CL","SIMCA","SIMCA"
"CL","SIMON VIÑALS","SIMON VIÑALS"
"CL","SINESIO DELGADO","SINESIO DELGADO"
"CL","SITIO DEL ESCORIAL","SITIO DEL ESCORIAL"
"CL","SOCORRO","SOCORRO"
"CL","SOCUELLAMOS","SOCUELLAMOS"
"CL","SODIO","SODIO"
"CL","SOFIA","SOFIA"
"CL","SOLANA DE OPAÑEL","SOLANA DE OPAÑEL"
"CL","SOLDADO","SOLDADO"
"CL","SOLDADO JOSE MARIA REY","SOLDADO JOSE MARIA REY"
"CL","SOMBRA","SOMBRA"
"CL","SOMBRERERIA","SOMBRERERIA"
"CL","SOMBRERETE","SOMBRERETE"
"CL","SOMONTIN","SOMONTIN"
"CL","SON BONET","SON BONET"
"CL","SOR ANGELA DE LA CRUZ","SOR ANGELA DE LA CRUZ"
"CL","SOR MARIA DE AGREDA","SOR MARIA DE AGREDA"
"CL","SORBE","SORBE"
"CL","SOTO DEL REAL","SOTO DEL REAL"
"CL","SUECIA","SUECIA"
"CL","TABLADA","TABLADA"
"CL","TACONA","TACONA"
"CL","TALAMANCA DEL JARAMA","TALAMANCA DEL JARAMA"
"CL","TALCO","TALCO"
"CL","TALISIO","TALISIO"
"CL","TAMALAMEQUE","TAMALAMEQUE"
"CL","TANTALO","TANTALO"
"CL","TAQUIGRAFIA","TAQUIGRAFIA"
"CL","TARRAGONA","TARRAGONA"
"CL","TEJADILLO","TEJADILLO"
"CL","TEJEDORES","TEJEDORES"
"CL","TELEMACO","TELEMACO"
"CL","TELLEZ","TELLEZ"
"CL","TEMBLEQUE","TEMBLEQUE"
"CL","TENERIFE","TENERIFE"
"CL","TENIENTE MUÑOZ DIAZ","TENIENTE MUÑOZ DIAZ"
"CL","TERUEL","TERUEL"
"CL","TESORO","TESORO"
"CL","TETUAN","TETUAN"
"CL","THADER","THADER"
"CL","TIBERIADES","TIBERIADES"
"CL","TIEDRA","TIEDRA"
"CL","TIERRUCA","TIERRUCA"
"CL","TIMON","TIMON"
"CL","TINAMUS","TINAMUS"
"CL","TINTIN Y MILU","TINTIN Y MILU"
"CL","TIRVIA","TIRVIA"
"CL","TOBOSO","TOBOSO"
"CL","TOLEDO","TOLEDO"
"CL","TOLIMA","TOLIMA"
"CL","TOMAS BRETON","TOMAS BRETON"
"CL","TOMAS ESTEBAN","TOMAS ESTEBAN"
"CL","TOMAS GARCIA","TOMAS GARCIA"
"CL","TOMELLOSO","TOMELLOSO"
"CL","TOPETE","TOPETE"
"CL","TORIJA","TORIJA"
"CL","TORPEDERO TUCUMAN","TORPEDERO TUCUMAN"
"CL","TORRECILLA DEL LEAL","TORRECILLA DEL LEAL"
"CL","TORREGROSA","TORREGROSA"
"CL","TORRELAGUNA","TORRELAGUNA"
"CL","TORREMOLINOS","TORREMOLINOS"
"CL","TORROX","TORROX"
"CL","TOSCANA","TOSCANA"
"CL","TOTANA","TOTANA"
"CL","TRANSMONTE","TRANSMONTE"
"CL","TRANSVERSAL SEXTA","TRANSVERSAL SEXTA"
"CL","TREBOL","TREBOL"
"CL","TREFACIO","TREFACIO"
"CL","TRENTIN","TRENTIN"
"CL","TRES PECES","TRES PECES"
"CL","TRIBALDOS","TRIBALDOS"
"CL","TRIBULETE","TRIBULETE"
"CL","TRIUNFO","TRIUNFO"
"CL","TROMPAS","TROMPAS"
"CL","TROYA","TROYA"
"CL","TRUJILLOS","TRUJILLOS"
"CL","TUCAN","TUCAN"
"CL","TUCURINCA","TUCURINCA"
"CL","TURACO","TURACO"
"CL","TUYA","TUYA"
"CL","UCEDA","UCEDA"
"CL","UNANIMIDAD","UNANIMIDAD"
"CL","URANIO","URANIO"
"CL","URGEL","URGEL"
"CL","URIA","URIA"
"CL","UROGALLO","UROGALLO"
"CL","URQUIZA","URQUIZA"
"CL","URUGUAY","URUGUAY"
"CL","USIACURI","USIACURI"
"CL","VALDEBERNARDO","VALDEBERNARDO"
"CL","VALDECALERAS","VALDECALERAS"
"CL","VALDECANILLAS","VALDECANILLAS"
"CL","VALDERREY","VALDERREY"
"CL","VALDERRIBAS","VALDERRIBAS"
"CL","VALDERROBRES","VALDERROBRES"
"CL","VALDERRODRIGO","VALDERRODRIGO"
"CL","VALDERROMAN","VALDERROMAN"
"CL","VALDESANGIL","VALDESANGIL"
"CL","VALDESAZ","VALDESAZ"
"CL","VALDEVARNES","VALDEVARNES"
"CL","VALDEVERDEJA","VALDEVERDEJA"
"CL","VALDIVIESO","VALDIVIESO"
"CL","VALENCIA","VALENCIA"
"CL","VALENTIN LLAGUNO","VALENTIN LLAGUNO"
"CL","VALENTIN SAN NARCISO","VALENTIN SAN NARCISO"
"CL","VALLANDES","VALLANDES"
"CL","VALLDEMOSA","VALLDEMOSA"
"CL","VALLE DE BERGANTIÑOS","VALLE DE BERGANTIÑOS"
"CL","VALLE DE CACHEMIRA","VALLE DE CACHEMIRA"
"CL","VALLE DE ENMEDIO","VALLE DE ENMEDIO"
"CL","VALLE DE MENA","VALLE DE MENA"
"CL","VALLE DE ORO","VALLE DE ORO"
"CL","VALLE DE PINARES LLANOS","VALLE DE PINARES LLANOS"
"CL","VALLE DEL SILENCIO","VALLE DEL SILENCIO"
"CL","VALLE INCLAN","VALLE INCLAN"
"CL","VALMOJADO","VALMOJADO"
"CL","VALVERDE","VALVERDE"
"CL","VAQUERIAS","VAQUERIAS"
"CL","VAZQUEZ DE MELLA","VAZQUEZ DE MELLA"
"CL","VEGETALES","VEGETALES"
"CL","VELARDE","VELARDE"
"CL","VELEZ BLANCO","VELEZ BLANCO"
"CL","VELEZ MALAGA","VELEZ MALAGA"
"CL","VELEZ RUBIO","VELEZ RUBIO"
"CL","VELILLA","VELILLA"
"CL","VENANCIO MARTIN","VENANCIO MARTIN"
"CL","VENTOSA","VENTOSA"
"CL","VERDAGUER Y GARCIA","VERDAGUER Y GARCIA"
"CL","VEREDA DEL CARMEN","VEREDA DEL CARMEN"
"CL","VERGARA","VERGARA"
"CL","VERJA","VERJA"
"CL","VEZA","VEZA"
"CL","VIA","VIA"
"CL","VIA CARPETANA","VIA CARPETANA"
"CL","VIA LUSITANA","VIA LUSITANA"
"CL","VICENTA PARRA","VICENTA PARRA"
"CL","VICENTE BLASCO IBAÑEZ","VICENTE BLASCO IBAÑEZ"
"CL","VICENTE CABALLERO","VICENTE CABALLERO"
"CL","VICENTE CAMARON","VICENTE CAMARON"
"CL","VICENTE CARBALLAL","VICENTE CARBALLAL"
"CL","VICENTE ESPINEL","VICENTE ESPINEL"
"CL","VICENTE MARTIN ARIAS","VICENTE MARTIN ARIAS"
"CL","VICTOR DE LA SERNA","VICTOR DE LA SERNA"
"CL","VICTOR GONZALEZ","VICTOR GONZALEZ"
"CL","VICTOR MANUEL III","VICTOR MANUEL III"
"CL","VICTORINO BAYO","VICTORINO BAYO"
"CL","VIDRIERIA","VIDRIERIA"
"CL","VILLA DE CHURRIANA","VILLA DE CHURRIANA"
"CL","VILLA DE MARIN","VILLA DE MARIN"
"CL","VILLA DE PONS","VILLA DE PONS"
"CL","VILLAAMIL","VILLAAMIL"
"CL","VILLABONA","VILLABONA"
"CL","VILLACARLOS","VILLACARLOS"
"CL","VILLACARRILLO","VILLACARRILLO"
"CL","VILLACAÑAS","VILLACAÑAS"
"CL","VILLAESCUSA","VILLAESCUSA"
"CL","VILLAFRANCA","VILLAFRANCA"
"CL","VILLAFUERTE","VILLAFUERTE"
"CL","VILLAGARCIA","VILLAGARCIA"
"CL","VILLAJIMENA","VILLAJIMENA"
"CL","VILLAJOYOSA","VILLAJOYOSA"
"CL","VILLALOBOS","VILLALOBOS"
"CL","VILLALUENGA DE LA SAGRA","VILLALUENGA DE LA SAGRA"
"CL","VILLAMANIN","VILLAMANIN"
"CL","VILLAMANTA","VILLAMANTA"
"CL","VILLAMAYOR DE SANTIAGO","VILLAMAYOR DE SANTIAGO"
"CL","VILLANUEVA","VILLANUEVA"
"CL","VILLAPALACIOS","VILLAPALACIOS"
"CL","VILLAR DEL OLMO","VILLAR DEL OLMO"
"CL","VILLARCAYO","VILLARCAYO"
"CL","VILLARDONDIEGO","VILLARDONDIEGO"
"CL","VILLASANDINO","VILLASANDINO"
"CL","VILLAVA","VILLAVA"
"CL","VILLAVALIENTE","VILLAVALIENTE"
"CL","VILLAVICIOSA","VILLAVICIOSA"
"CL","VILLUERCAS","VILLUERCAS"
"CL","VILORIA DE LA RIOJA","VILORIA DE LA RIOJA"
"CL","VINAROZ","VINAROZ"
"CL","VIRGEN DE AFRICA","VIRGEN DE AFRICA"
"CL","VIRGEN DE ARANZAZU","VIRGEN DE ARANZAZU"
"CL","VIRGEN DE BELEN","VIRGEN DE BELEN"
"CL","VIRGEN DE LA NOVENA","VIRGEN DE LA NOVENA"
"CL","VIRGEN DE LA PAZ","VIRGEN DE LA PAZ"
"CL","VIRGEN DE LA PEÑA","VIRGEN DE LA PEÑA"
"CL","VIRGEN DE LAS CRUCES","VIRGEN DE LAS CRUCES"
"CL","VIRGEN DE LAS VIÑAS","VIRGEN DE LAS VIÑAS"
"CL","VIRGEN DE LLUC","VIRGEN DE LLUC"
"CL","VIRGEN DE LOS REYES","VIRGEN DE LOS REYES"
"CL","VIRGEN DE LOURDES","VIRGEN DE LOURDES"
"CL","VIRGEN DEL CASTAÑAR","VIRGEN DEL CASTAÑAR"
"CL","VIRGEN DEL CORO","VIRGEN DEL CORO"
"CL","VIRGEN DEL ESPINO","VIRGEN DEL ESPINO"
"CL","VIRGEN DEL PORTILLO","VIRGEN DEL PORTILLO"
"CL","VIRGEN DEL SAGRARIO","VIRGEN DEL SAGRARIO"
"CL","VIRGEN DEL VAL","VIRGEN DEL VAL"
"CL","VIRIATO","VIRIATO"
"CL","VIRIDIANA","VIRIDIANA"
"CL","VISTA BELLA","VISTA BELLA"
"CL","VITAL AZA","VITAL AZA"
"CL","VIZCAINOS","VIZCAINOS"
"CL","VIZCONDE DE LOS ASILOS","VIZCONDE DE LOS ASILOS"
"CL","VIZCONDE DE MATAMALA","VIZCONDE DE MATAMALA"
"CL","VIÑA VIRGEN","VIÑA VIRGEN"
"CL","VOLUNTARIOS CATALANES","VOLUNTARIOS CATALANES"
"CL","VOLUNTARIOS MACABEBES","VOLUNTARIOS MACABEBES"
"CL","VOLVER A EMPEZAR","VOLVER A EMPEZAR"
"CL","WAD RAS","WAD RAS"
"CL","WITERICO","WITERICO"
"CL","YEBENES","YEBENES"
"CL","YECLA","YECLA"
"CL","YECORA","YECORA"
"CL","YERMA","YERMA"
"CL","ZABALETA","ZABALETA"
"CL","ZAIDA","ZAIDA"
"CL","ZALAMEA","ZALAMEA"
"CL","ZALDIVAR","ZALDIVAR"
"CL","ZARATAN","ZARATAN"
"CL","ZARCO HERMANOS","ZARCO HERMANOS"
"CL","ZARZAMORA","ZARZAMORA"
"CL","ZARZUELA","ZARZUELA"
"CL","ZIGIA","ZIGIA"
"CL","ZIPAQUIRA","ZIPAQUIRA"
"CL","ZUBIETA","ZUBIETA"
"CL","ZUERA","ZUERA"
"CL","ZUMEL","ZUMEL"
"CL","ZURICH","ZURICH"
"CL","ZURITA","ZURITA"
"CM","PERALES","PERALES"
"CM","TALLERES","TALLERES"
"CM","VALDERRIBAS","VALDERRIBAS"
"CR","CANILLAS","CANILLAS"
"CR","CARABANCHEL A VILLAVERDE","CARABANCHEL A VILLAVERDE"
"CT","DESCARGAS","DESCARGAS"
"GL","CUATRO CAMINOS","CUATRO CAMINOS"
"GL","MARIA PIGNATELLI","MARIA PIGNATELLI"
"GL","SAN ANTONIO DE LA FLORIDA","SAN ANTONIO DE LA FLORIDA"
"GL","SANTA MARIA DE LA CABEZA","SANTA MARIA DE LA CABEZA"
"GL","VALLE DE ORO","VALLE DE ORO"
"PJ","ANCHUELO","ANCHUELO"
"PJ","ANCORA","ANCORA"
"PJ","CAMPO REAL","CAMPO REAL"
"PJ","CAN MENOR","CAN MENOR"
"PJ","CANAL DE SUEZ","CANAL DE SUEZ"
"PJ","DOÑA CARLOTA","DOÑA CARLOTA"
"PJ","JOSE SANCHEZ PESCADOR","JOSE SANCHEZ PESCADOR"
"PJ","LINCE","LINCE"
"PJ","MONTSERRAT","MONTSERRAT"
"PJ","PRADILLO","PRADILLO"
"PJ","SAN CLEMENTE","SAN CLEMENTE"
"PJ","SAN PEDRO","SAN PEDRO"
"PJ","VALLE DE ORO","VALLE DE ORO"
"PS","ACACIAS","ACACIAS"
"PS","ALAMEDA DE OSUNA","ALAMEDA DE OSUNA"
"PS","ALBERTO PALACIOS","ALBERTO PALACIOS"
"PS","ARTILLEROS","ARTILLEROS"
"PS","CASTELLANA","CASTELLANA"
"PS","CASTELLANOS","CASTELLANOS"
"PS","COMANDANTE FORTEA","COMANDANTE FORTEA"
"PS","DELICIAS","DELICIAS"
"PS","DIRECCION","DIRECCION"
"PS","ERMITA DEL SANTO","ERMITA DEL SANTO"
"PS","ESPERANZA","ESPERANZA"
"PS","EXTREMADURA","EXTREMADURA"
"PS","GINEBRA","GINEBRA"
"PS","IMPERIAL","IMPERIAL"
"PS","INFANTA ISABEL","INFANTA ISABEL"
"PS","JESUITAS","JESUITAS"
"PS","JUAN XXIII","JUAN XXIII"
"PS","MELANCOLICOS","MELANCOLICOS"
"PS","MOLINO","MOLINO"
"PS","MUÑOZ GRANDES","MUÑOZ GRANDES"
"PS","OLIVOS","OLIVOS"
"PS","PERALES","PERALES"
"PS","PONTONES","PONTONES"
"PS","REINA CRISTINA","REINA CRISTINA"
"PS","SAN FRANCISCO DE SALES","SAN FRANCISCO DE SALES"
"PS","SAN ILLAN","SAN ILLAN"
"PS","SANTA MARIA DE LA CABEZA","SANTA MARIA DE LA CABEZA"
"PS","VIRGEN DEL PUERTO","VIRGEN DEL PUERTO"
"PS","YESERIAS","YESERIAS"
"PZ","AGATA","AGATA"
"PZ","AGUEDA DIEZ","AGUEDA DIEZ"
"PZ","ALCIRA","ALCIRA"
"PZ","ALOSNO","ALOSNO"
"PZ","ANDRES ARTEAGA","ANDRES ARTEAGA"
"PZ","ANGEL","ANGEL"
"PZ","ANOCIBAR","ANOCIBAR"
"PZ","ARTEIJO","ARTEIJO"
"PZ","BAMI","BAMI"
"PZ","CARBALLO","CARBALLO"
"PZ","CARLOS CAMBRONERO","CARLOS CAMBRONERO"
"PZ","CASCORRO","CASCORRO"
"PZ","CASTAÑARES","CASTAÑARES"
"PZ","CASTILLO DE LA MOTA","CASTILLO DE LA MOTA"
"PZ","CIEZA","CIEZA"
"PZ","COIMBRA","COIMBRA"
"PZ","CONDESA DE GAVIA","CONDESA DE GAVIA"
"PZ","CONVIVENCIA","CONVIVENCIA"
"PZ","CORCUBION","CORCUBION"
"PZ","DOCTOR LAGUNA","DOCTOR LAGUNA"
"PZ","DOCTOR LOZANO","DOCTOR LOZANO"
"PZ","DON ANTONIO DE ANDRES","DON ANTONIO DE ANDRES"
"PZ","DOS CASTILLAS","DOS CASTILLAS"
"PZ","DUQUE DE MODENA","DUQUE DE MODENA"
"PZ","EMILIO JIMENEZ MILLAS","EMILIO JIMENEZ MILLAS"
"PZ","ENSIDESA","ENSIDESA"
"PZ","FRANCISCANOS","FRANCISCANOS"
"PZ","GABRIEL MIRO","GABRIEL MIRO"
"PZ","GANDARA DE ORO","GANDARA DE ORO"
"PZ","GENERAL VARA DE REY","GENERAL VARA DE REY"
"PZ","MARIANA PINEDA","MARIANA PINEDA"
"PZ","MARTIRES","MARTIRES"
"PZ","MENDEZ PARADA","MENDEZ PARADA"
"PZ","MENINAS","MENINAS"
"PZ","MIL DELEGADOS","MIL DELEGADOS"
"PZ","MONDARIZ","MONDARIZ"
"PZ","MONTERREY","MONTERREY"
"PZ","MUNILLA","MUNILLA"
"PZ","NUESTRA SEÑORA DEL PILAR","NUESTRA SEÑORA DEL PILAR"
"PZ","ORTIGOSA","ORTIGOSA"
"PZ","PADRON","PADRON"
"PZ","PATRICIO AGUADO","PATRICIO AGUADO"
"PZ","PERSEO","PERSEO"
"PZ","PEÑA HORCAJO","PEÑA HORCAJO"
"PZ","PEÑABLANCA","PEÑABLANCA"
"PZ","PEÑUELAS","PEÑUELAS"
"PZ","PICO SALVAGUARDIA","PICO SALVAGUARDIA"
"PZ","PINTOR LUCAS","PINTOR LUCAS"
"PZ","PLATON","PLATON"
"PZ","PUERTO DE LA CRUZ","PUERTO DE LA CRUZ"
"PZ","PUERTO RUBIO","PUERTO RUBIO"
"PZ","REDONDELA","REDONDELA"
"PZ","RIBADEO","RIBADEO"
"PZ","RICLA","RICLA"
"PZ","RUTILIO GACIS","RUTILIO GACIS"
"PZ","SANTA TERESITA","SANTA TERESITA"
"PZ","SETUBAL","SETUBAL"
"PZ","SIERRA GISTRAL","SIERRA GISTRAL"
"PZ","TRES OLIVOS","TRES OLIVOS"
"PZ","TUY","TUY"
"PZ","VAZQUEZ DE MELLA","VAZQUEZ DE MELLA"
"PZ","VERIN","VERIN"
"PZ","VILAFLOR","VILAFLOR"
"PZ","VULCANO","VULCANO"
"RD","CABALLERO DE LA MANCHA","CABALLERO DE LA MANCHA"
"RD","SEGOVIA","SEGOVIA"
"TR","CONDE DUQUE","CONDE DUQUE"
"TR","DOCTOR SANCHEZ","DOCTOR SANCHEZ"
"TR","FELIPE DE DIEGO","FELIPE DE DIEGO"
"TR","HUMANITARIAS","HUMANITARIAS"
"TR","INFANTA MERCEDES","INFANTA MERCEDES"
"TR","OPAÑEL","OPAÑEL"
"TR","PALOMERAS","PALOMERAS"
"TR","RONDA","RONDA"
"TR","TELLEZ","TELLEZ"
"TR","VISTILLAS","VISTILLAS"
"AV","ANICETO ALCALA ZAMORA","NICETO ALCALA ZAMORA"
"AV","CANILLEJAS A  VICALVARO","CANILLEJAS A VICALVARO"
"AV","CARABANCHEL  ALTO","CARABANCHEL ALTO"
"AV","DE BETANZOS","BETANZOS"
"AV","DE BRASIL","BRASIL"
"AV","DE BURGOS","BURGOS"
"AV","DE CANTABRIA","CANTABRIA"
"AV","DE DAROCA","DAROCA"
"AV","DE EL FERROL","EL FERROL"
"AV","DE ENTREVIAS","ENTREVIAS"
"AV","DE JUAN ANDRES","JUAN ANDRES"
"AV","DE LA ALBUFERA","ALBUFERA"
"AV","DE LA CIUDAD DE BARCELONA","CIUDAD DE BARCELONA"
"AV","DE LA GAVIA","LA GAVIA"
"AV","DE LAS SUERTES","LAS SUERTES"
"AV","DE LOGROÑO","LOGROÑO"
"AV","DE LOS POBLADOS","POBLADOS"
"AV","DE LOS ROSALES","LOS ROSALES"
"AV","DE LOS TOREROS","TOREROS"
"AV","DE MORATALAZ","MORATALAZ"
"AV","DE OPORTO","OPORTO"
"AV","DE PIO XII","PIO XII"
"AV","DE SAN DIEGO","SAN DIEGO"
"AV","DE SOTO PALACIOS","SOTO PALACIOS"
"AV","DEL CERRO MILANO","CERRO MILANO"
"AV","DEL ENSACHE DE VALLECAS","ENSANCHE DE VALLECAS"
"AV","DEL ENSANCHE DE VALLECAS","ENSANCHE DE VALLECAS"
"AV","DEL FERROL","EL FERROL"
"AV","DEL MANZANARES","MANZANARES"
"AV","DEL PLANETARIO","PLANETARIO"
"AV","DEL TALGO","TALGO"
"AV","DOCTOR FEDERICO RUBIO Y GALI","DR FEDERICO RUBIO Y GALI"
"AV","GRAN VIA DE ESTE","GRAN VIA DEL ESTE"
"AV","GRAN VIA DE SURESTE","GRAN VIA DEL SURESTE"
"AV","GRAN VIA DEL SUR ESTE","GRAN VIA DEL SURESTE"
"AV","MONASTERIO DEL ESCORIAL","MONASTERIO DE EL ESCORIAL"
"AV","MONTFORTE DE LEMOS","MONFORTE DE LEMOS"
"AV","NUESTRA SEÑORA DE VALVANERA","NTRA SEÑORA DE VALVANERA"
"AV","NUESTRA SRA DE VALVANERA","NTRA SEÑORA DE VALVANERA"
"AV","PARQUE DE PALOMERAS BAJAS","PARQUE PALOMERAS BAJAS"
"CL","AFUERAS DE VALVERDE","AFUERAS A VALVERDE"
"CL","AGUILAR DE CAMPO","AGUILAR DE CAMPOO"
"CL","AGUILAR DEL CAMPO","AGUILAR DE CAMPOO"
"CL","AGUIULAFUENTE","AGUILAFUENTE"
"CL","AGULAR DEL RIO","AGUILAR DEL RIO"
"CL","ALCALDE HENCHE DE LA PLATA","ALCALDE HENCHE DE PLATA"
"CL","ALEJANDRO SAINZ AUBIN","ALEJANDRO SAINT AUBIN"
"CL","ALFONSO RODRIGUEZ SANTAMARIA","ALFONSO RGUEZ SANTAMARIA"
"CL","ALFREDO MARQUERI","ALFREDO MARQUERIE"
"CL","ALONSO CARBONEL","ALONSO CARBONELL"
"CL","ANDRES URDANETA","ANDRES DE URDANETA"
"CL","ANGLE MUGICA","ANGEL MUGICA"
"CL","ANTONIA ANTORAZ","ANTONIO ANTORANZ"
"CL","ANTONIO LEYVA","ANTONIO DE LEYVA"
"CL","ANTONO ACUÑA","ANTONIO ACUÑA"
"CL","ARGÜESO","ARGUESO"
"CL","ARROYO DE LA MEDIA LEGUA","ARROYO MEDIA LEGUA"
"CL","ARROYO DEL CHARCO DEL PESCADOR","ARROYO CHARCO PESCADOR"
"CL","ARROYO OPAÑEL","ARROYO DEL OPAÑEL"
"CL","ARROYOMOLINO","ARROYOMOLINOS"
"CL","ARZUAGA","AZUAGA"
"CL","ASTILLERO","ASTILLEROS"
"CL","AURELIO GONZALEZ DE GREGORIO","AURELIO GONZALEZ GREGORIO"
"CL","BATALLA DEL SALADO","BATALLA DE SALADO"
"CL","BELMONTE DEL TAJO","BELMONTE DE TAJO"
"CL","BENICASSIM","BENICASIM"
"CL","BENITO DE CASTRO","BENITO CASTRO"
"CL","BETACUNIA","BETANCUNIA"
"CL","BOLINIA","BOLONIA"
"CL","BRAVO NURILLO","BRAVO MURILLO"
"CL","C/ ALBINO  HERNANDEZ LAZARO","ALBINO HERNANDEZ LAZARO"
"CL","C/ EL PAULAR","EL PAULAR"
"CL","C/BENADALID","BENADALID"
"CL","C/VALDERRIBAS","VALDERRIBAS"
"CL","CABO NICOLAS","SAN NICOLAS"
"CL","CALLE CASTILLO DE MANZANARES","CASTILLO DE MANZANARES"
"CL","CALLE CAUNEDO","CAUNEDO"
"CL","CALLE CHISPEROS","CHISPEROS"
"CL","CALLE EUGENIA DE MONTIJO","PARQUE EUGENIA DE MONTIJO"
"CL","CAMINO DE VINATEROS","CAMINO VINATEROS"
"CL","CANAL DEL BOSFORO","CANAL DE BOSFORO"
"CL","CANTALEJO","CANTALEJOS"
"CL","CARDENAL SILICIO","CARDENAL SILICEO"
"CL","CARDENAL VICENTE ENRIQUE Y TARANCON","CARDENAL VICENTE ENRIQUE"
"CL","CARRETERA DE BOADILLA DEL MONTE","BOADILLA DEL MONTE"
"CL","CARRETERA ESTACION HORTALEZA","ACCESO ESTACION HORTALEZA"
"CL","CASTELLFLORITE","CASTELFLORITE"
"CL","CASTILLO DE MADRIGAL DE LAS ALTAS TORRES","CASTILLO MADRIGAL ALTAS T"
"CL","CEDRO","CEDROS"
"CL","CLAUDIO CUELLO","CLAUDIO COELLO"
"CL","CLAVELINAS","CLAVELLINAS"
"CL","CONCEJAL FRANCISCO JOSE JIMENEZ MARTIN","CONCEJAL F J JMNEZ MARTIN"
"CL","CONDE DE MIRANDA","CONDE MIRANDA"
"CL","CONDE PEÑALVER","CONDE DE PEÑALVER"
"CL","CONDE RODRIGUEZ SAN PEDRO","RODRIGUEZ SAN PEDRO"
"CL","CONDESA DE VEGA DEL POZO","CONDESA VEGA DEL POZO"
"CL","CORREDERA ALTA DE SAN PABLO","CORREDERA ALTA SAN PABLO"
"CL","CORREDERA BAJA DE SAN PABLO","CORREDERA BAJA SAN PABLO"
"CL","CORREGIDOR ALONSO DE TOBAR","CGDOR ALONSO DE TOBAR"
"CL","CORREGIDOR DIEGO CABEZA DE VACA","CGDOR DIEGO CABEZA VACA"
"CL","CORREGIDOR DIEGO DE VALDERRABANO","CGDOR DIEGO VALDERRABANO"
"CL","CORREGIDOR JOSE DE PASAMONTE","CGDOR JOSE DE PASAMONTE"
"CL","CORREGIDOR JUAN DE BOBADILLA","CGDOR JUAN DE BOBADILLA"
"CL","CORREGIDOR JUAN FRANCISCO DE LUJAN","CGDOR JUAN FCO DE LUJAN"
"CL","CORREGIDOR JUAN FRASCISCO DE LUJAN","CGDOR JUAN FCO DE LUJAN"
"CL","CORREGIDOR MENDO DE ZUÑIGA","CGDOR MENDO DE ZUÑIGA"
"CL","CORREGIDOR RODRIGO RODRIGUEZ","CGDOR RODRIGO RODRIGUEZ"
"CL","CORREGIDOR SEÑOR DE LA ELIPA","CGDOR SEÑOR DE LA ELIPA"
"CL","CORRREGIDOR JUAN FRANCISCO LUJAN","CGDOR JUAN FCO DE LUJAN"
"CL","CORTE DE FARAON","CORTE DEL FARAON"
"CL","CR DE BOADILLA DEL MONTE","BOADILLA DEL MONTE"
"CL","CRISTO DE LIMPIAS","CRISTO DE LAS LIMPIAS"
"CL","CUEVAS  ALTAMIRA","CUEVAS DE ALTAMIRA"
"CL","DE AGUSTIN CALVO","AGUSTIN CALVO"
"CL","DE ELVIRA","ELVIRA"
"CL","DE ESTRONCIO","ESTRONCIO"
"CL","DE LA PLAYA DE ZARAUZ","PLAYA DE ZARAUZ"
"CL","DE LA SOLANA DE OPAÑEL","SOLANA DE OPAÑEL"
"CL","DE LAS CAROLINAS","CAROLINAS"
"CL","DE LAS MERCEDES","REINA MERCEDES"
"CL","DE MARCENADO","MARCENADO"
"CL","DE ORENSE","ORENSE"
"CL","DE PINAR DE SAN JOSE","PINAR DE SAN JOSE"
"CL","DE SARRIA","SARRIA"
"CL","DE VILLAVERDE A PERALES","VILLAVERDE A PERALES RIO"
"CL","DEL   ALMENDRO","ALMENDRO"
"CL","DEL ANSAR","ANSAR"
"CL","DEL ARTE EXPRESIONISTA","ARTE EXPRESIONISTA"
"CL","DEL GENERAL ROMERO BASART","GENERAL ROMERO BASART"
"CL","DEL MONTE OLIVETTI","MONTE OLIVETTI"
"CL","DEL SACRIFICIO","SACRIFICIO"
"CL","DIEGO MACHADO","DIEGO MANCHADO"
"CL","DOMINGIO DE ALBORAYA","DOMINGO DE ALBORAYA"
"CL","DR. ESQUERDO","DOCTOR ESQUERDO"
"CL","DUQUE DE FERNAN NUÑEZ","DUQUE FERNAN NUÑEZ"
"CL","DUQUESA DE TAMARES","DUQUESA DE TAMAMES"
"CL","EDUARDO REQUENA","EDUARDO REQUENAS"
"CL","EL ATAZAR","ATAZAR"
"CL","EL CABO NICOLAS MUR","CABO NICOLAS MUR"
"CL","EL TOBOSO","TOBOSO"
"CL","EMLIANO BARRAL","EMILIANO BARRAL"
"CL","ENTRE ARROYOS","ENTREARROYOS"
"CL","ERNEST HAMINGWAY","ERNEST HEMINGWAY"
"CL","ERNESTINA MANUEL DE VILLE","ERNESTINA MANUEL VILLENA"
"CL","ESPERANZA SANCHEZ CARRASCOSA","ESPERANZA S CARRASCOSA"
"CL","ESTOCOLOMO","ESTOCOLMO"
"CL","EZEQUIUEL SOLANA","EZEQUIEL SOLANA"
"CL","FEDERICO CARLOS SAINZ DE ROBLES","FDCO CARLOS SAINZ ROBLES"
"CL","FELIX RODRIGUEZ DE LA FUENTE","FELIX RODRIGUEZ FUENTE"
"CL","FELIX RODRIUEZ DE LA FUENTE","FELIX RODRIGUEZ FUENTE"
"CL","FLORA  TRISTAN","FLORA TRISTAN"
"CL","FRANCISCO VIVIANCOS","FRANCISCO VIVANCOS"
"CL","FRAY JOSE DE CERDEIRIÑA","FRAY JOSE CERDEIRIÑA"
"CL","FRESNO DE CANTAESPINO","FRESNO DE CANTESPINO"
"CL","FRIDA KHALO","FRIDA KAHLO"
"CL","FUENTEESPINA","FUENTESPINA"
"CL","FUENTELARRA","PUENTELARRA"
"CL","FUERTE DE NAVIDAD","FUERTE NAVIDAD"
"CL","GANCO","GANDO"
"CL","GARCIA PAREDES","GARCIA DE PAREDES"
"CL","GENERAL  ARANAZ","GENERAL ARANAZ"
"CL","GENERAL GARCIA DE LA HERRANZ","GENERAL GARCIA HERRANZ"
"CL","GENERAL RICARDOSI","GENERAL RICARDOS"
"CL","GINZO DE LIMA","GINZO DE LIMIA"
"CL","GOMEZ DE AVELLANEDA","GOMEZ AVELLANEDA"
"CL","GUAYMARAL","GUAIMARAL"
"CL","GUTENBERG","GUTEMBERG"
"CL","GUTIERRE CETINA","GUTIERRE DE CETINA"
"CL","GUTIERREZ DE CETINA","GUTIERRE DE CETINA"
"CL","HACIEDA DE PAVONES","HACIENDA DE PAVONES"
"CL","HACIENDA PAVONES","HACIENDA DE PAVONES"
"CL","HERMANDAD DE DONANTES DE SANGRE","HERMANDAD DONANTES SANGRE"
"CL","HERMANDAD DONANTES DE SANGRE","HERMANDAD DONANTES SANGRE"
"CL","HONTORIA DEL PILAR","HONTORIA DEL PINAR"
"CL","IGNACIO SANCHEZ VIÑUELAS","IGNACIO SANTOS VIÑUELAS"
"CL","INFANTA MERCDES","INFANTA MERCEDES"
"CL","ISABEL CLARA EURGENIA","ISABEL CLARA EUGENIA"
"CL","ISALA DE TABARCA","ISLA DE TABARCA"
"CL","ISLA DE LA GRACIOSA","ISLA GRACIOSA"
"CL","ISLA PARAGUA","ISLA DE PARAGUA"
"CL","JOAQUIN MARTIN BORREGUERO","JOAQUIN MTNEZ BORREGUERO"
"CL","JOAQUN LORENZO","JOAQUIN LORENZO"
"CL","JOSE ALCONES GIL","JOSE ARCONES GIL"
"CL","JOSE ANTONIO ARMONA","JOSE ANTONIO DE ARMONA"
"CL","JOSE BALASTRE","JOSE BARBASTRE"
"CL","JOSE CELESTINIO MUTIS","JOSE CELESTINO MUTIS"
"CL","JOSE LUIS DE ARRESE","JOSE LUIS ARRESE"
"CL","JOSE MARIA DE PEREDA","JOSE MARIA PEREDA"
"CL","JSOE ARCONES GIL","JOSE ARCONES GIL"
"CL","JUAN ARESPACOCHAGA Y FELIPE","JUAN ARESPACOCHAGA FELIPE"
"CL","JUAN DE RISCO","JUAN DEL RISCO"
"CL","LA ALEGRIA DE LA HUERTA","ALEGRIA DE LA HUERTA"
"CL","LA BAÑEZA","BAÑEZA"
"CL","LA CANCION DEL OLVIDO","CANCION DEL OLVIDO"
"CL","LA CORUÑA","CORUÑA"
"CL","LA DE L MANOJO DE ROSAS","LA DEL MANOJO DE ROSAS"
"CL","LA DOLOROSA","DOLOROSA"
"CL","LA MARAÑOSA","MARAÑOSA"
"CL","LAGO CONSTANZA","LAGO DE CONSTANZA"
"CL","LAS LAGUNAS DE NEILA","LAGUNAS DE NEILA"
"CL","LAS LENGUAS","LENGUAS"
"CL","LAS PEDROÑERAS","PEDROÑERAS"
"CL","LEONOR DE VEGA","LEONOR DE LA VEGA"
"CL","LOOPE DE HARO","LOPE DE HARO"
"CL","LOPEZ GRAS","LOPEZ GRASS"
"CL","LOPEZ HOYOS","LOPEZ DE HOYOS"
"CL","LOS DEPORTISTAS","DEPORTISTAS"
"CL","LOS GALLEGOS","GALLEGOS"
"CL","LOS MARIANISTAS","MARIANISTAS"
"CL","LOS MOLINOS","MOLINOS"
"CL","LOS PERUCHOS","PERUCHOS"
"CL","LOS TIMBALES","TIMBALES"
"CL","LOS YEBENES","YEBENES"
"CL","LUIS SALAZAR","LUIS DE SALAZAR"
"CL","MADRES DE LA PLAZA DE MAYO","MADRES PLAZA DE MAYO"
"CL","MANPOSTERIA","MAMPOSTERIA"
"CL","MARIA TERESA SAENZ DE HEREDIA","M TERESA SAENZ HEREDIA"
"CL","MARIANO AGÜI","MARIANO AGUI"
"CL","MARIANO BENLLURE","MARIANO BENLLIURE"
"CL","MARITNEZ VILLERGAS","MARTINEZ VILLERGAS"
"CL","MARQUESA DE ARGÜESO","MARQUESA DE ARGUESO"
"CL","MAURICIO LEJENDRE","MAURICIO LEGENDRE"
"CL","MIRANDA ARGA","MIRANDA DE ARGA"
"CL","MOLINS DEL REY","MOLINS DE REY"
"CL","MONASTERIO DE MONTESCLAROS","MONASTERIO MONTESCLAROS"
"CL","MONASTERIOS DE SUSO Y YUSO","MONASTERIOS SUSO Y YUSO"
"CL","MONTES PIRINIEOS","MONTES PIRINEOS"
"CL","MOTILLA DE PALANCAR","MOTILLA DEL PALANCAR"
"CL","NARCISO SIERRA","NARCISO SERRA"
"CL","NAVAMORAL DE LA MATA","NAVALMORAL DE LA MATA"
"CL","NUESTRA SEÑORA DE LA ANTIGUA","NTRA SEÑORA DE LA ANTIGUA"
"CL","NUESTRA SEÑORA DE LA BLANCA","NTRA SEÑORA DE LA BLANCA"
"CL","NUESTRA SEÑORA DE LA SOLEDAD","NTRA SEÑORA DE LA SOLEDAD"
"CL","NUESTRA SEÑORA DE LA TORRE","NTRA SEÑORA DE LA TORRE"
"CL","NUESTRA SEÑORA DE LAS MERCEDES","NTRA SRA DE LAS MERCEDES"
"CL","NUESTRA SEÑORA DE LOS DOLORES","NTRA SRA DE LOS DOLORES"
"CL","NUESTRA SEÑORA DE VILLAR","NUESTRA SEÑORA DEL VILLAR"
"CL","OLESA DE MONSTSERRAT","OLESA DE MONTSERRAT"
"CL","OLIVA DE PLASENSIA","OLIVA DE PLASENCIA"
"CL","ORTEGA Y GASSET","JOSE ORTEGA Y GASSET"
"CL","O´DONNELL","ODONNELL"
"CL","PEDRO DE REPIDE","PEDRO REPIDE"
"CL","PEÑANUEVA","PEÑA NUEVA"
"CL","PICO  DE ALMANZOR","PICO ALMANZOR"
"CL","PICO BLAITUS","PICO BALAITUS"
"CL","PICO DE ARTILLEROS","PICO ARTILLEROS"
"CL","PICO DE LOS ARTILLEROS","PICO ARTILLEROS"
"CL","PICO DEL MULHACEN","PICO DE MULHACEN"
"CL","PICOS DE ARTILLERO","PICO ARTILLEROS"
"CL","PICOS DE LOS ARTILLEROS","PICO ARTILLEROS"
"CL","PILAR ZARAGOZA","PILAR DE ZARAGOZA"
"CL","PINTOR IGNACIO DE ZULOAGA","PINTOR IGNACIO D ZULOAGA"
"CL","PINTOR IGNACIO ZULOAGA","PINTOR IGNACIO D ZULOAGA"
"CL","POETA LEGIONARIO POETA QUIEXA","LEGIONARIO POETA QUEIXA"
"CL","PONT DE MOLIS","PONT DE MOLINS"
"CL","PONTS DE MOLINS","PONT DE MOLINS"
"CL","POZA D E LA SAL","POZA DE LA SAL"
"CL","PRINCIPE VERGARA","PRINCIPE DE VERGARA"
"CL","PROVISONES","PROVISIONES"
"CL","PUERTO DE BALBARAN","PUERTO BALBARAN"
"CL","PUERTO DE MORCUERA","PUERTO DE LA MORCUERA"
"CL","PUERTO DEL SUEBE","PUERTO DE SUEBE"
"CL","PUERTO LUMBRERAS","PUERTO DE LUMBRERAS"
"CL","PUERTO SOMIEDO","PUERTO DE SOMIEDO"
"CL","RAIMUNDO FERNANDEZ VILLAVERDE","RAIMUNDO FDEZ VILLAVERDE"
"CL","REINA DE AFRICA","LA REINA DE AFRICA"
"CL","RIBERA DEL MAZANARES","RIBERA DEL MANZANARES"
"CL","RIO CORRIENTE","RIO CORRIENTES"
"CL","RIO DE SAN LORENZO","RIO SAN LORENZO"
"CL","RIVADAVIA","RIBADAVIA"
"CL","SALABERRY","SALLABERRY"
"CL","SALAS BARBADILLO","SALAS DE BARBADILLO"
"CL","SAN  BERNARDO","SAN BERNARDO"
"CL","SAN  GRACIANO","SAN GRACIANO"
"CL","SAN  MARIANO","SAN MARIANO"
"CL","SAN CIRPIRIANO","SAN CIPRIANO"
"CL","SAN IDELFONSO","SAN ILDEFONSO"
"CL","SANCHEZ PRECIADOS","SANCHEZ PRECIADO"
"CL","SIERRA DE ALGODONALES","SIERRA ALGODONALES"
"CL","SIERRA DE ARLA","SIERRA ARLA"
"CL","SIERRA DE CONTRAVIESA","SIERRA CONTRAVIESA"
"CL","SIERRA DE FILABRES","SIERRA DE LOS FILABRES"
"CL","SIERRA PALOMERAS","SIERRA DE PALOMERAS"
"CL","TORRRELAGUNA","TORRELAGUNA"
"CL","TREMP","TREMPS"
"CL","TROYA 26","TROYA"
"CL","VALDETORRES DEL JARAMA","VALDETORRES DE JARAMA"
"CL","VALLE GUERRA","VALLEGUERRA"
"CL","VALLE PINARES LLANOS","VALLE DE PINARES LLANOS"
"CL","VIAL LUSITANA","VIA LUSITANA"
"CL","VILLAESTAR","VILLASTAR"
"CL","VILLAR  DEL OLMO","VILLAR DEL OLMO"
"CL","VIRGEN DE LLUCH","VIRGEN DE LLUC"
"CL","VIRGEN DE LOS DESAMPARADOS","VIRGEN DE DESAMPARADOS"
"CL","VIRGEN DEL LLUC","VIRGEN DE LLUC"
"CL","VIULLAMANTA","VILLAMANTA"
"CL","VUÑUELAS","VIÑUELAS"
"CL","ZURMEL","ZUMEL"
"CT","DE SANTO DOMINGO","SANTO DOMINGO"
"GL","VALLE DEL ORO","VALLE DE ORO"
"PJ","DE ANCORA","ANCORA"
"PJ","DEL LUCERO","LUCERO"
"PS","DE EXTREMADURA","EXTREMADURA"
"PS","DE GINEBRA","GINEBRA"
"PS","DE LA CASTELLANA","CASTELLANA"
"PS","DE LA CHOPERA","CHOPERA"
"PS","DE LA DIRECCION","DIRECCION"
"PS","DE LA ESPERANZA","ESPERANZA"
"PS","DE LA FLORIDA","FLORIDA"
"PS","DE LA HABANA","HABANA"
"PS","DE LAS ACACIAS","ACACIAS"
"PS","DE LAS DELICIAS","DELICIAS"
"PS","DE LOS PONTONES","PONTONES"
"PS","DE PERALES","PERALES"
"PS","DEL REY","REY"
"PS","DOCTOR VALLEJO NAJERA","DOCTOR VALLEJO NAGERA"
"PS","EXTEMADURA","EXTREMADURA"
"PS","IMPERIL","IMPERIAL"
"PS","SANTA MARTIA DE LA CABEZA","SANTA MARIA DE LA CABEZA"
"PS","SANTA Mª DE LA CABEZA","SANTA MARIA DE LA CABEZA"
"PZ","DE CRONOS","CRONOS"
"PZ","DE LAS MENINAS","MENINAS"
"PZ","DE LAS PROMESAS","PROMESAS"
"PZ","DE LOS MOSTENSES","MOSTENSES"
"PZ","DE VULCANO","VULCANO"
"PZ","GANDARADEORO","GANDARA DE ORO"
"PZ","JOSE DE VILLAREAL","JOSE DE VILLARREAL"
"PZ","NUESTRA SEÑORA  DEL PILAR","NUESTRA SEÑORA DEL PILAR"
"PZ","PICO DENSALVAGUARDIA","PICO SALVAGUARDIA"
"PZ","PUERTO IBAÑETA","PUERTO DE IBAÑETA"
"PZ","RIO FRIO","RIOFRIO"
"RD","DE SEGOVIA","SEGOVIA"
"RD","DEL CABALLERO DE LA MANCHA","CABALLERO DE LA MANCHA"
"TR","DE LA VERJA","VERJA"
"TR","DE TELLEZ","TELLEZ"
"TR","DE TRUJILLOS","TRUJILLOS"
"AV","DE  LA PESETA","PESETA"
"AV","DE LA PESETA","PESETA"
"CL","COLONIA OCCIDENTE","OCCIDENTE"
"CL","DE LA BALLESTA","BALLESTA"
"CL","DE LA BAÑEZA","BAÑEZA"
"CL","DE LA GALERA","GALERA"
"CL","DE LAS CLAVELINAS","CLAVELLINAS"
"CL","DE LA VERDAD","VERDAD"
"CL","ISLA DE TAVIRA","ISLA TAVIRA"
"CL","JOSE MARTINEZ SECO","MARTINEZ SECO"
"CL","LAS TROMPAS","TROMPAS"
"CL","LOS PINILLAS","PINILLAS"
"CL","NUESTRA SEÑORA DE BEGOÑA","NTRA SRA DE BEGOÑA"
"CL","NUESTRA SEÑORA DE FATIMA","NUESTRA SEÑORA DE LA PAZ"
"CL","PUEBLA NUEVA","LA PUEBLANUEVA"
"CL","DE LOS URQUIZA","URQUIZA"
"CL","DE TENERFIE","TENERIFE"
"CL","FRANCISCO DE RIOJA","FRANCISCO RIOJA"
"CL","GANHDI","GANDHI"
"CL","LAS AGUAS","AGUAS"
"CL","LAS MATAS","MATAS"
"CL","LOS ASTROS","ASTROS"
"CL","RIO SEGRE","SEGRE"
